-- MySQL dump 10.13  Distrib 8.0.20, for Linux (x86_64)
--
-- Host: localhost    Database: vk
-- ------------------------------------------------------
-- Server version	8.0.20

/*!40101 SET @OLD_CHARACTER_SET_CLIENT=@@CHARACTER_SET_CLIENT */;
/*!40101 SET @OLD_CHARACTER_SET_RESULTS=@@CHARACTER_SET_RESULTS */;
/*!40101 SET @OLD_COLLATION_CONNECTION=@@COLLATION_CONNECTION */;
/*!50503 SET NAMES utf8mb4 */;
/*!40103 SET @OLD_TIME_ZONE=@@TIME_ZONE */;
/*!40103 SET TIME_ZONE='+00:00' */;
/*!40014 SET @OLD_UNIQUE_CHECKS=@@UNIQUE_CHECKS, UNIQUE_CHECKS=0 */;
/*!40014 SET @OLD_FOREIGN_KEY_CHECKS=@@FOREIGN_KEY_CHECKS, FOREIGN_KEY_CHECKS=0 */;
/*!40101 SET @OLD_SQL_MODE=@@SQL_MODE, SQL_MODE='NO_AUTO_VALUE_ON_ZERO' */;
/*!40111 SET @OLD_SQL_NOTES=@@SQL_NOTES, SQL_NOTES=0 */;

--
-- Table structure for table `communities`
--

DROP TABLE IF EXISTS `communities`;
/*!40101 SET @saved_cs_client     = @@character_set_client */;
/*!50503 SET character_set_client = utf8mb4 */;
CREATE TABLE `communities` (
  `id` int unsigned NOT NULL AUTO_INCREMENT COMMENT 'Идентификатор сроки',
  `name` varchar(150) CHARACTER SET utf8 COLLATE utf8_unicode_ci NOT NULL COMMENT 'Название группы',
  `created_at` datetime DEFAULT CURRENT_TIMESTAMP COMMENT 'Время создания строки',
  `updated_at` datetime DEFAULT CURRENT_TIMESTAMP ON UPDATE CURRENT_TIMESTAMP COMMENT 'Время обновления строки',
  PRIMARY KEY (`id`),
  UNIQUE KEY `name` (`name`)
) ENGINE=InnoDB AUTO_INCREMENT=101 DEFAULT CHARSET=utf8 COLLATE=utf8_unicode_ci COMMENT='Группы';
/*!40101 SET character_set_client = @saved_cs_client */;

--
-- Dumping data for table `communities`
--

LOCK TABLES `communities` WRITE;
/*!40000 ALTER TABLE `communities` DISABLE KEYS */;
INSERT INTO `communities` VALUES (1,'et','1971-04-18 11:13:10','1987-04-13 13:46:43'),(2,'debitis','1970-10-25 05:18:00','2009-12-05 12:37:32'),(3,'quaerat','1994-09-29 22:23:15','1987-01-07 18:41:23'),(4,'qui','2012-07-31 17:50:54','2004-10-11 16:33:57'),(5,'aliquid','2019-03-21 10:44:38','2015-06-08 03:24:49'),(6,'dolorem','2016-03-05 23:01:16','2013-12-01 01:04:01'),(7,'omnis','2008-05-03 13:43:35','2009-12-07 21:33:53'),(8,'sit','1984-04-09 00:27:59','1990-03-26 03:39:57'),(9,'eligendi','1999-04-25 18:07:32','2005-05-08 01:30:33'),(10,'aut','2002-02-03 01:35:14','1997-12-27 18:07:10'),(11,'quasi','1981-01-13 23:05:04','1995-08-26 04:26:30'),(12,'accusantium','2018-09-28 00:08:57','1971-02-16 10:40:42'),(13,'provident','2000-01-01 20:57:40','2006-10-29 07:19:25'),(14,'enim','2001-10-30 04:02:55','2013-07-14 08:35:58'),(15,'ea','2020-04-01 14:09:41','1991-09-09 00:08:39'),(16,'laudantium','1998-01-08 19:30:56','1971-01-15 04:20:06'),(17,'voluptatem','2002-04-22 09:18:50','1986-08-25 05:58:06'),(18,'cumque','1978-07-11 00:42:43','2017-09-07 13:37:10'),(19,'quibusdam','1998-11-23 09:47:30','1992-06-29 13:56:51'),(20,'autem','2003-06-14 06:25:48','2005-09-06 03:03:57');
/*!40000 ALTER TABLE `communities` ENABLE KEYS */;
UNLOCK TABLES;

--
-- Table structure for table `communities_users`
--

DROP TABLE IF EXISTS `communities_users`;
/*!40101 SET @saved_cs_client     = @@character_set_client */;
/*!50503 SET character_set_client = utf8mb4 */;
CREATE TABLE `communities_users` (
  `community_id` int unsigned NOT NULL COMMENT 'Ссылка на группу',
  `user_id` int unsigned NOT NULL COMMENT 'Ссылка на пользователя',
  `created_at` datetime DEFAULT CURRENT_TIMESTAMP COMMENT 'Время создания строки',
  PRIMARY KEY (`community_id`,`user_id`) COMMENT 'Составной первичный ключ'
) ENGINE=InnoDB DEFAULT CHARSET=utf8 COLLATE=utf8_unicode_ci COMMENT='Участники групп, связь между пользователями и группами';
/*!40101 SET character_set_client = @saved_cs_client */;

--
-- Dumping data for table `communities_users`
--

LOCK TABLES `communities_users` WRITE;
/*!40000 ALTER TABLE `communities_users` DISABLE KEYS */;
INSERT INTO `communities_users` VALUES (1,3,'1970-03-08 12:48:33'),(1,50,'1975-10-05 04:01:22'),(1,57,'1972-08-15 14:22:54'),(1,69,'1984-10-13 19:30:10'),(1,100,'1984-08-31 02:31:48'),(2,20,'2010-02-13 03:43:28'),(2,65,'1989-10-28 15:38:55'),(2,70,'2006-07-17 06:32:29'),(2,81,'1970-06-15 05:25:51'),(2,83,'2007-07-10 17:01:01'),(3,35,'1972-02-28 06:59:49'),(3,50,'2012-06-05 20:17:23'),(4,50,'2013-05-11 07:13:22'),(4,58,'1994-01-18 01:06:24'),(4,66,'2013-09-16 02:52:39'),(4,79,'1997-10-07 02:57:07'),(4,90,'1998-11-05 19:22:58'),(4,94,'2008-12-16 18:25:41'),(5,7,'1981-05-14 04:42:53'),(5,40,'2012-02-23 08:59:55'),(5,46,'1988-04-08 10:45:15'),(5,55,'2019-06-28 06:02:52'),(5,60,'1970-04-16 05:41:04'),(6,12,'2017-01-25 20:15:16'),(6,15,'1989-08-27 12:57:35'),(6,38,'2016-12-15 17:32:28'),(6,46,'1980-06-22 22:21:15'),(6,57,'2017-02-13 10:30:11'),(6,66,'2014-12-10 14:26:47'),(6,70,'2004-12-09 04:06:46'),(7,30,'1994-03-23 11:59:29'),(7,54,'1990-01-05 02:14:50'),(7,60,'1982-12-05 07:07:06'),(7,85,'1975-09-22 17:16:39'),(7,94,'1972-10-29 23:37:31'),(8,7,'1970-02-15 08:03:26'),(8,16,'1989-09-16 11:55:11'),(8,17,'1983-08-03 06:05:41'),(8,20,'2012-03-29 09:48:21'),(8,28,'1981-11-01 21:26:31'),(8,33,'1997-05-30 00:35:55'),(8,41,'2005-02-19 22:42:05'),(8,59,'1998-10-28 04:12:18'),(8,67,'1999-08-28 01:51:45'),(9,9,'2007-05-05 02:57:50'),(9,20,'2013-06-30 08:29:24'),(9,83,'1997-03-10 18:32:25'),(10,44,'1979-06-07 03:19:57'),(10,50,'2009-10-18 16:27:46'),(10,67,'1992-01-19 08:41:58'),(10,87,'2010-02-11 12:38:42'),(12,51,'2014-09-29 05:48:58'),(12,74,'1979-02-17 17:20:19'),(12,89,'2011-12-04 20:33:09'),(13,1,'1978-06-10 16:40:08'),(13,6,'1991-10-28 00:37:28'),(13,21,'2003-01-19 05:29:13'),(13,28,'1972-11-20 18:47:46'),(13,86,'1977-07-22 17:40:08'),(14,11,'1979-01-21 21:53:37'),(14,26,'1970-01-06 14:59:18'),(14,47,'1976-01-29 14:47:10'),(14,90,'1993-10-12 04:59:26'),(14,95,'2019-07-09 04:42:18'),(14,99,'2013-12-14 00:46:31'),(15,1,'1987-01-09 18:52:13'),(15,5,'1971-02-15 08:09:45'),(15,35,'1978-03-11 14:07:00'),(15,87,'2006-06-11 21:02:24'),(15,89,'1989-12-24 02:38:40'),(15,92,'1993-12-11 01:12:16'),(16,38,'1974-06-01 08:12:10'),(16,54,'2006-07-18 13:45:54'),(16,64,'1978-04-09 13:40:45'),(16,80,'1984-09-24 00:50:18'),(16,99,'1977-05-25 20:16:44'),(17,12,'2003-03-12 15:13:56'),(17,13,'2006-05-28 02:48:06'),(17,21,'1980-05-17 08:22:05'),(17,30,'1980-05-04 10:33:04'),(17,45,'1998-05-23 16:35:03'),(17,67,'1992-10-28 12:58:26'),(17,73,'1973-03-23 17:24:35'),(17,74,'2013-06-08 13:35:52'),(18,49,'1975-02-13 10:13:57'),(18,71,'2016-11-05 15:10:06'),(19,2,'2012-05-19 05:26:21'),(19,3,'2002-08-19 07:16:10'),(19,21,'1998-01-25 23:10:03'),(19,51,'1993-09-15 22:36:27'),(19,55,'1995-01-02 21:57:50'),(19,61,'2019-08-09 05:06:15'),(19,63,'1980-04-02 04:44:18'),(19,68,'2000-10-17 22:28:21'),(19,82,'2003-03-29 20:41:34'),(20,10,'1987-09-27 16:56:18'),(20,27,'1994-06-19 16:40:29'),(20,43,'2005-02-18 15:57:15'),(20,60,'1985-09-20 16:21:44'),(20,98,'1997-06-25 02:37:58');
/*!40000 ALTER TABLE `communities_users` ENABLE KEYS */;
UNLOCK TABLES;

--
-- Table structure for table `friendship`
--

DROP TABLE IF EXISTS `friendship`;
/*!40101 SET @saved_cs_client     = @@character_set_client */;
/*!50503 SET character_set_client = utf8mb4 */;
CREATE TABLE `friendship` (
  `user_id` int unsigned NOT NULL COMMENT 'Ссылка на инициатора дружеских отношений',
  `friend_id` int unsigned NOT NULL COMMENT 'Ссылка на получателя приглашения дружить',
  `status_id` int unsigned NOT NULL COMMENT 'Ссылка на статус (текущее состояние) отношений',
  `confirmed_at` datetime DEFAULT NULL COMMENT 'Время подтверждения приглашения',
  `declined_at` datetime DEFAULT NULL,
  `created_at` datetime DEFAULT CURRENT_TIMESTAMP COMMENT 'Время создания строки',
  `updated_at` datetime DEFAULT CURRENT_TIMESTAMP ON UPDATE CURRENT_TIMESTAMP COMMENT 'Время обновления строки',
  PRIMARY KEY (`user_id`,`friend_id`) COMMENT 'Составной первичный ключ'
) ENGINE=InnoDB DEFAULT CHARSET=utf8 COLLATE=utf8_unicode_ci COMMENT='Таблица дружбы';
/*!40101 SET character_set_client = @saved_cs_client */;

--
-- Dumping data for table `friendship`
--

LOCK TABLES `friendship` WRITE;
/*!40000 ALTER TABLE `friendship` DISABLE KEYS */;
INSERT INTO `friendship` VALUES (1,32,2,'2014-08-20 18:31:34','2018-08-14 12:39:26','2005-06-13 22:18:32','2020-06-15 21:18:26'),(1,49,2,'1982-05-09 08:29:18','2020-06-15 17:19:17','1971-12-02 15:09:33','2020-06-15 21:18:26'),(1,74,2,'1997-01-29 03:23:53','2020-06-15 17:22:54','1978-11-08 19:52:07','2020-06-15 21:18:26'),(2,52,2,'2011-10-24 11:45:10','2020-06-15 17:19:41','2006-08-22 14:19:39','2020-06-15 21:18:26'),(3,27,1,'1976-10-29 01:25:24','2020-06-15 17:19:17','1971-05-07 01:10:41','2020-06-15 21:18:26'),(3,66,1,'1991-11-11 17:00:23','2020-06-15 17:19:17','1978-03-04 11:39:16','2020-06-15 21:18:26'),(3,74,2,'1989-02-16 13:10:55','2009-10-09 14:41:02','2000-11-17 09:00:56','2020-06-15 21:18:26'),(3,79,3,'1999-04-04 19:24:55','2020-06-15 17:22:54','1999-09-26 07:16:01','2020-06-15 21:18:26'),(7,73,2,'2014-06-25 04:08:18','2004-02-25 02:46:28','1994-07-13 04:32:50','2020-06-15 21:18:26'),(8,41,3,'1996-01-14 16:31:04','2020-06-15 17:22:54','2006-08-14 10:55:09','2020-06-15 21:18:26'),(8,64,3,'2000-05-26 20:00:52','2020-06-15 17:22:54','2003-11-15 15:06:35','2020-06-15 21:18:26'),(10,11,1,'2004-02-07 03:35:06','2020-06-15 17:22:54','1971-06-11 20:49:28','2020-06-15 21:18:26'),(10,84,3,'2014-01-15 19:32:39','2020-06-15 17:22:54','1982-11-03 09:04:00','2020-06-15 21:18:26'),(12,48,1,'1979-01-02 09:20:07','2020-06-15 17:19:17','2019-09-14 05:36:17','2020-06-15 21:18:26'),(12,82,3,'2017-04-18 03:15:15','2005-06-17 06:10:51','2015-01-23 18:11:14','2020-06-15 21:18:26'),(13,55,2,'1992-02-02 00:00:10','2020-06-15 17:22:54','1979-12-01 05:54:08','2020-06-15 21:18:26'),(13,72,1,'1998-07-04 18:21:55','2019-11-20 13:16:25','2012-05-31 10:49:00','2020-06-15 21:18:26'),(14,58,2,'1977-09-14 01:22:32','2020-06-15 17:18:02','2014-05-27 11:21:14','2020-06-15 21:18:26'),(15,47,3,'2019-09-04 22:43:15','2020-06-15 17:22:54','2009-07-07 19:33:14','2020-06-15 21:18:26'),(15,58,2,'1999-08-26 00:41:07','2020-06-15 17:22:54','1995-01-21 15:16:35','2020-06-15 21:18:26'),(15,61,2,'1978-12-10 07:46:16','2009-10-09 14:41:02','2004-06-25 14:05:29','2020-06-15 21:18:26'),(15,96,2,'2008-02-06 22:45:26','2008-06-25 06:31:24','1986-01-18 01:47:10','2020-06-15 21:18:26'),(16,57,2,'1994-04-15 10:37:42','2020-06-15 17:18:02','1970-01-11 17:51:57','2020-06-15 21:18:26'),(17,6,3,'1981-11-06 14:04:55','2007-04-25 21:17:33','1982-05-12 01:19:18','2020-06-15 21:18:26'),(19,71,3,'2014-04-29 04:05:12','2020-06-15 17:22:54','1996-12-07 06:57:11','2020-06-15 21:18:26'),(20,36,1,'1994-11-15 00:03:17','2020-06-15 17:22:54','1989-12-02 03:16:44','2020-06-15 21:18:26'),(20,51,3,'1984-12-10 14:41:26','2020-06-15 17:22:54','2005-06-10 08:20:01','2020-06-15 21:18:26'),(21,89,3,'2004-05-24 11:39:40','2020-06-15 17:22:54','1988-08-25 06:08:01','2020-06-15 21:18:26'),(21,92,3,'1997-02-25 06:50:16','2020-06-15 17:22:54','2000-10-10 18:31:27','2020-06-15 21:18:26'),(22,51,3,'1973-06-28 19:47:38','2020-06-15 17:22:54','1984-01-01 21:45:58','2020-06-15 21:18:26'),(22,55,1,'1978-11-30 15:16:59','1977-09-23 12:01:22','1991-11-28 12:54:24','2020-06-15 21:18:26'),(23,47,2,'1972-03-09 06:51:58','2020-06-15 17:18:02','2014-01-22 13:21:41','2020-06-15 21:18:26'),(28,23,1,'2000-03-11 03:18:34','2020-06-15 17:22:54','2008-03-21 10:32:16','2020-06-15 21:18:26'),(30,9,2,'2000-09-01 05:40:13','1996-02-21 11:49:13','2004-12-09 19:36:43','2020-06-15 21:18:26'),(30,75,3,'1980-10-16 05:32:35','2020-06-15 17:22:54','2006-12-04 03:45:38','2020-06-15 21:18:26'),(33,29,2,'2007-12-04 06:12:21','2002-08-28 19:25:03','2015-02-23 14:11:09','2020-06-15 21:18:26'),(34,1,1,'2007-08-29 13:15:55','2020-06-15 17:22:54','2008-09-11 20:28:07','2020-06-15 21:18:26'),(34,71,2,'1993-06-12 13:52:33','2020-06-15 17:22:54','1972-08-19 16:33:22','2020-06-15 21:18:26'),(36,26,1,'1999-05-15 00:39:20','2020-06-15 17:22:54','1993-05-07 16:02:38','2020-06-15 21:18:26'),(37,96,2,'2017-01-26 12:56:05','2006-12-15 11:56:30','1990-03-20 01:12:10','2020-06-15 21:18:26'),(38,3,3,'2017-03-03 23:01:43','2020-06-15 17:22:54','1984-02-20 13:50:25','2020-06-15 21:18:26'),(38,73,2,'1971-02-28 02:20:17','2020-06-15 17:22:54','1976-05-15 21:53:17','2020-06-15 21:18:26'),(38,95,2,'1974-01-23 15:26:08','2020-06-15 17:22:54','1986-09-20 01:22:44','2020-06-15 21:18:26'),(39,10,1,'1977-10-31 23:51:22','2020-06-15 17:22:54','1990-10-30 06:04:47','2020-06-15 21:18:26'),(39,91,2,'2016-10-22 00:11:26','2020-06-15 17:22:54','1993-08-05 20:08:09','2020-06-15 21:18:26'),(41,38,2,'1990-07-28 18:06:48','2020-06-15 17:22:54','1990-07-18 05:47:04','2020-06-15 21:18:26'),(41,76,2,'2002-11-19 22:21:53','2006-12-15 11:56:30','2014-03-07 15:29:26','2020-06-15 21:18:26'),(44,90,1,'2005-01-15 03:18:44','2006-11-18 18:08:12','1973-02-15 17:25:16','2020-06-15 21:18:26'),(45,67,1,'2009-03-08 18:06:15','2006-11-18 18:08:12','1989-05-25 08:43:44','2020-06-15 21:18:26'),(48,31,1,'1993-02-24 05:45:27','2020-06-15 17:19:17','2012-11-15 05:15:44','2020-06-15 21:18:26'),(48,84,3,'1991-05-05 21:39:40','2020-06-15 17:22:54','1976-07-31 09:09:58','2020-06-15 21:18:26'),(53,50,3,'1982-10-07 08:36:39','2020-06-15 17:22:54','1970-09-21 15:25:21','2020-06-15 21:18:26'),(54,25,2,'1993-12-27 10:27:27','2002-08-28 19:25:03','2015-10-09 12:39:51','2020-06-15 21:18:26'),(54,34,1,'1991-07-16 11:47:48','2020-06-15 17:22:54','2015-08-08 23:43:48','2020-06-15 21:18:26'),(56,4,2,'1990-02-21 20:01:46','2020-06-15 17:22:54','2017-07-12 17:44:33','2020-06-15 21:18:26'),(56,70,3,'1979-07-28 04:11:40','2020-06-15 17:22:54','1977-09-08 04:50:40','2020-06-15 21:18:26'),(59,76,1,'1994-03-19 22:06:47','2020-06-15 17:22:54','1990-12-11 23:44:53','2020-06-15 21:18:26'),(60,26,2,'1994-01-28 15:21:00','2006-03-24 08:05:35','1988-03-20 03:06:03','2020-06-15 21:18:26'),(61,65,2,'2004-07-02 03:27:12','2009-10-09 14:41:02','1986-11-22 16:52:59','2020-06-15 21:18:26'),(62,33,3,'1975-09-25 16:49:06','2020-06-15 17:18:02','1994-04-04 17:55:58','2020-06-15 21:18:26'),(62,78,1,'1977-07-02 10:06:00','2020-06-15 17:22:54','1974-02-06 11:15:05','2020-06-15 21:18:26'),(63,85,2,'2012-04-11 22:13:56','2020-06-15 17:22:54','2004-05-07 16:26:25','2020-06-15 21:18:26'),(65,95,3,'1982-11-24 19:29:24','2020-06-15 17:22:54','1986-04-04 06:22:30','2020-06-15 21:18:26'),(68,18,3,'1970-03-05 02:53:59','2010-10-15 11:32:21','2001-07-11 08:18:24','2020-06-15 21:18:26'),(72,10,2,'1999-06-06 07:40:43','1994-01-27 04:12:19','1985-11-29 10:23:08','2020-06-15 21:18:26'),(72,24,1,'1989-04-06 10:48:15','2020-06-15 17:22:54','2010-01-14 09:54:39','2020-06-15 21:18:26'),(72,82,3,'1999-04-13 04:17:12','2020-06-15 17:22:54','1974-01-25 23:32:19','2020-06-15 21:18:26'),(73,2,3,'1995-03-17 14:32:58','2020-06-15 17:22:54','1979-03-23 23:23:03','2020-06-15 21:18:26'),(74,33,2,'1979-05-15 13:10:12','2020-06-15 17:22:54','2001-10-17 17:13:31','2020-06-15 21:18:26'),(74,40,3,'1970-02-28 20:05:48','2020-06-15 17:22:54','1996-02-23 08:21:50','2020-06-15 21:18:26'),(76,93,2,'1989-01-24 08:39:31','2020-06-15 17:22:54','1970-04-01 17:00:43','2020-06-15 21:18:26'),(78,31,1,'2003-10-30 08:25:51','2006-03-24 08:05:35','1972-02-07 19:07:42','2020-06-15 21:18:26'),(78,80,3,'1979-06-18 18:08:00','2020-06-15 17:22:54','2015-12-07 12:29:43','2020-06-15 21:18:26'),(79,12,1,'1984-02-17 11:25:22','2020-06-15 17:22:54','2016-11-24 23:18:35','2020-06-15 21:18:26'),(79,16,2,'2013-02-17 17:47:02','2020-06-15 17:18:02','1979-12-19 07:56:51','2020-06-15 21:18:26'),(80,32,1,'1999-12-25 02:19:25','2020-06-15 17:22:54','2011-12-13 00:46:40','2020-06-15 21:18:26'),(80,57,2,'1989-02-15 06:45:43','2020-06-15 17:19:17','2003-05-11 08:35:26','2020-06-15 21:18:26'),(80,99,2,'2005-06-06 14:09:22','2020-06-15 17:22:54','1994-11-25 04:56:50','2020-06-15 21:18:26'),(81,6,3,'1979-08-14 19:33:38','2020-06-15 17:22:54','1994-01-18 13:20:35','2020-06-15 21:18:26'),(81,9,1,'1984-05-11 20:05:02','2020-06-15 17:22:54','2005-02-10 19:49:18','2020-06-15 21:18:26'),(83,44,3,'1977-07-15 07:33:51','2019-11-20 13:16:25','1984-07-26 14:44:07','2020-06-15 21:18:26'),(85,7,3,'1978-05-24 18:45:31','2008-08-05 12:12:13','2006-08-07 13:50:38','2020-06-15 21:18:26'),(85,55,1,'2011-06-14 23:57:51','2009-10-09 14:41:02','1973-09-21 08:17:48','2020-06-15 21:18:26'),(86,66,3,'1974-01-13 06:58:41','2020-06-15 17:22:54','1993-02-08 15:40:11','2020-06-15 21:18:26'),(86,74,1,'1983-02-03 04:10:53','2020-06-15 17:19:17','2000-02-06 22:57:58','2020-06-15 21:18:26'),(87,36,1,'2007-06-14 18:34:59','2020-06-15 17:19:41','2008-12-05 23:55:55','2020-06-15 21:18:26'),(87,80,2,'2013-07-13 08:01:54','2020-06-15 17:22:54','2010-07-02 08:21:47','2020-06-15 21:18:26'),(88,28,3,'1970-09-15 09:31:30','2020-06-15 17:18:02','1995-02-12 21:00:41','2020-06-15 21:18:26'),(88,77,1,'1980-01-12 06:57:15','2006-07-01 01:14:19','1971-08-18 17:02:58','2020-06-15 21:18:26'),(89,21,2,'2004-08-19 13:17:48','2010-09-28 08:54:05','1973-07-13 20:30:16','2020-06-15 21:18:26'),(93,1,1,'2001-02-09 14:08:53','2020-06-15 17:22:54','1978-07-31 16:30:48','2020-06-15 21:18:26'),(95,60,1,'1991-06-01 00:18:35','2010-09-28 08:54:05','2018-08-11 14:39:02','2020-06-15 21:18:26'),(96,23,1,'1982-06-29 17:33:44','2020-06-15 17:22:54','1991-09-14 04:59:37','2020-06-15 21:18:26'),(96,76,3,'1976-05-09 15:37:08','2020-06-15 17:22:54','2015-10-11 00:40:17','2020-06-15 21:18:26'),(97,7,2,'1995-03-05 15:47:56','2020-06-15 17:22:54','1994-12-21 13:28:01','2020-06-15 21:18:26'),(98,20,1,'2013-10-22 10:31:47','2020-06-15 17:22:54','1989-02-13 17:42:00','2020-06-15 21:18:26'),(98,40,1,'2011-03-28 13:57:11','2020-06-15 17:22:54','2000-06-14 20:44:40','2020-06-15 21:18:26'),(98,84,1,'1989-04-02 23:07:22','2020-06-15 17:22:54','1980-05-23 00:37:35','2020-06-15 21:18:26'),(99,77,3,'1986-05-25 12:11:54','2008-06-25 06:31:24','2020-05-19 12:55:41','2020-06-15 21:18:26'),(100,35,3,'1993-07-01 05:18:29','2003-07-11 10:26:53','1984-02-15 09:13:53','2020-06-15 21:18:26');
/*!40000 ALTER TABLE `friendship` ENABLE KEYS */;
UNLOCK TABLES;

--
-- Table structure for table `friendship_statuses`
--

DROP TABLE IF EXISTS `friendship_statuses`;
/*!40101 SET @saved_cs_client     = @@character_set_client */;
/*!50503 SET character_set_client = utf8mb4 */;
CREATE TABLE `friendship_statuses` (
  `id` int unsigned NOT NULL AUTO_INCREMENT COMMENT 'Идентификатор строки',
  `name` varchar(150) CHARACTER SET utf8 COLLATE utf8_unicode_ci NOT NULL COMMENT 'Название статуса',
  `created_at` datetime DEFAULT CURRENT_TIMESTAMP COMMENT 'Время создания строки',
  `updated_at` datetime DEFAULT CURRENT_TIMESTAMP ON UPDATE CURRENT_TIMESTAMP COMMENT 'Время обновления строки',
  PRIMARY KEY (`id`),
  UNIQUE KEY `name` (`name`)
) ENGINE=InnoDB AUTO_INCREMENT=4 DEFAULT CHARSET=utf8 COLLATE=utf8_unicode_ci COMMENT='Статусы дружбы';
/*!40101 SET character_set_client = @saved_cs_client */;

--
-- Dumping data for table `friendship_statuses`
--

LOCK TABLES `friendship_statuses` WRITE;
/*!40000 ALTER TABLE `friendship_statuses` DISABLE KEYS */;
INSERT INTO `friendship_statuses` VALUES (1,'Requested','2020-06-15 21:11:59','2020-06-15 21:11:59'),(2,'Confirmed','2020-06-15 21:11:59','2020-06-15 21:11:59'),(3,'Rejected','2020-06-15 21:11:59','2020-06-15 21:11:59');
/*!40000 ALTER TABLE `friendship_statuses` ENABLE KEYS */;
UNLOCK TABLES;

--
-- Table structure for table `media`
--

DROP TABLE IF EXISTS `media`;
/*!40101 SET @saved_cs_client     = @@character_set_client */;
/*!50503 SET character_set_client = utf8mb4 */;
CREATE TABLE `media` (
  `id` int unsigned NOT NULL AUTO_INCREMENT COMMENT 'Идентификатор строки',
  `user_id` int unsigned NOT NULL COMMENT 'Ссылка на пользователя, который загрузил файл',
  `filename` varchar(255) CHARACTER SET utf8 COLLATE utf8_unicode_ci NOT NULL COMMENT 'Путь к файлу',
  `size` int NOT NULL COMMENT 'Размер файла',
  `metadata` json DEFAULT NULL,
  `media_type_id` int unsigned NOT NULL COMMENT 'Ссылка на тип контента',
  `created_at` datetime DEFAULT CURRENT_TIMESTAMP COMMENT 'Время создания строки',
  `updated_at` datetime DEFAULT CURRENT_TIMESTAMP ON UPDATE CURRENT_TIMESTAMP COMMENT 'Время обновления строки',
  PRIMARY KEY (`id`),
  CONSTRAINT `media_chk_1` CHECK (json_valid(`metadata`))
) ENGINE=InnoDB AUTO_INCREMENT=51 DEFAULT CHARSET=utf8 COLLATE=utf8_unicode_ci COMMENT='Медиафайлы';
/*!40101 SET character_set_client = @saved_cs_client */;

--
-- Dumping data for table `media`
--

LOCK TABLES `media` WRITE;
/*!40000 ALTER TABLE `media` DISABLE KEYS */;
INSERT INTO `media` VALUES (1,60,'http://dropbox.net/vk/ut.mp3',2209,'{\"owner\": \"Lupe Gleason\"}',3,'2011-05-02 21:39:37','2020-06-15 21:06:39'),(2,74,'http://dropbox.net/vk/et.mp3',784786407,'{\"owner\": \"Wyman Johns\"}',3,'2008-04-03 00:59:27','2020-06-15 21:06:39'),(3,89,'http://dropbox.net/vk/neque.avi',2612,'{\"owner\": \"Esta O\'Conner\"}',3,'1972-07-10 20:43:04','2020-06-15 21:06:39'),(4,22,'http://dropbox.net/vk/rerum.avi',165910,'{\"owner\": \"Layla Douglas\"}',3,'2011-11-03 00:29:23','2020-06-15 21:06:39'),(5,41,'http://dropbox.net/vk/et.jpg',420406,'{\"owner\": \"Jakob Skiles\"}',3,'2002-08-12 14:33:44','2020-06-15 21:06:39'),(6,41,'http://dropbox.net/vk/impedit.mpg',468545,'{\"owner\": \"Jakob Skiles\"}',1,'2016-05-19 05:26:44','2020-06-15 21:06:39'),(7,79,'http://dropbox.net/vk/enim.jpeg',19850,'{\"owner\": \"Julian Koss\"}',2,'1972-05-08 18:45:56','2020-06-15 21:06:39'),(8,71,'http://dropbox.net/vk/ipsa.mpg',594300,'{\"owner\": \"Orland Bartoletti\"}',3,'2007-03-12 14:11:26','2020-06-15 21:06:39'),(9,20,'http://dropbox.net/vk/dolor.mp3',700285,'{\"owner\": \"Maia Zieme\"}',3,'1973-05-03 02:28:58','2020-06-15 21:06:39'),(10,86,'http://dropbox.net/vk/eum.mpg',13274,'{\"owner\": \"Lourdes Schinner\"}',1,'1987-04-02 23:45:03','2020-06-15 21:06:39'),(11,69,'http://dropbox.net/vk/asperiores.mp3',785924646,'{\"owner\": \"Judah Terry\"}',2,'1991-02-25 00:27:07','2020-06-15 21:06:39'),(12,85,'http://dropbox.net/vk/assumenda.mp3',36083,'{\"owner\": \"Janiya Bauch\"}',3,'2003-06-10 13:32:53','2020-06-15 21:06:39'),(13,20,'http://dropbox.net/vk/error.jpg',708523,'{\"owner\": \"Maia Zieme\"}',2,'1997-02-19 09:39:23','2020-06-15 21:06:39'),(14,43,'http://dropbox.net/vk/adipisci.jpg',3290,'{\"owner\": \"Chanelle Maggio\"}',1,'2014-05-30 22:51:47','2020-06-15 21:06:39'),(15,54,'http://dropbox.net/vk/sint.mp3',431761,'{\"owner\": \"Devin Klein\"}',2,'1992-10-28 00:15:34','2020-06-15 21:06:39'),(16,43,'http://dropbox.net/vk/rerum.mp3',93826600,'{\"owner\": \"Chanelle Maggio\"}',1,'1977-01-10 21:30:07','2020-06-15 21:06:39'),(17,50,'http://dropbox.net/vk/vero.mp3',1773115,'{\"owner\": \"Dora Brekke\"}',1,'2015-06-06 20:31:24','2020-06-15 21:06:39'),(18,20,'http://dropbox.net/vk/dicta.jpeg',5697156,'{\"owner\": \"Maia Zieme\"}',3,'1980-09-12 21:44:37','2020-06-15 21:06:39'),(19,52,'http://dropbox.net/vk/alias.mp3',29654223,'{\"owner\": \"Sandra Ankunding\"}',2,'1999-08-17 00:46:18','2020-06-15 21:06:39'),(20,98,'http://dropbox.net/vk/quisquam.mpg',23239,'{\"owner\": \"Mekhi Leffler\"}',2,'1994-10-20 08:52:12','2020-06-15 21:06:39'),(21,35,'http://dropbox.net/vk/ex.jpeg',810909,'{\"owner\": \"Randy Weber\"}',3,'1982-11-26 12:38:59','2020-06-15 21:06:39'),(22,81,'http://dropbox.net/vk/et.mpg',974831,'{\"owner\": \"Jaida Daniel\"}',3,'2002-07-08 19:58:55','2020-06-15 21:06:39'),(23,97,'http://dropbox.net/vk/praesentium.jpeg',5302,'{\"owner\": \"Mohammad Botsford\"}',1,'1975-05-19 11:21:52','2020-06-15 21:06:39'),(24,44,'http://dropbox.net/vk/quos.jpg',583685,'{\"owner\": \"Elwin Beatty\"}',3,'1980-03-09 20:38:53','2020-06-15 21:06:39'),(25,28,'http://dropbox.net/vk/molestias.mpg',7466753,'{\"owner\": \"Brenden Hettinger\"}',3,'1998-01-01 15:41:47','2020-06-15 21:06:39'),(26,8,'http://dropbox.net/vk/unde.mp3',49200,'{\"owner\": \"Carley Quigley\"}',1,'2011-05-04 13:59:53','2020-06-15 21:06:39'),(27,54,'http://dropbox.net/vk/ex.mp3',6037,'{\"owner\": \"Devin Klein\"}',3,'1998-11-27 15:23:33','2020-06-15 21:06:39'),(28,45,'http://dropbox.net/vk/nostrum.avi',841158403,'{\"owner\": \"Rollin Heaney\"}',3,'1983-08-23 11:27:38','2020-06-15 21:06:39'),(29,62,'http://dropbox.net/vk/consequuntur.mpg',7649519,'{\"owner\": \"Rodger Cartwright\"}',1,'1975-07-01 16:33:10','2020-06-15 21:06:39'),(30,75,'http://dropbox.net/vk/sequi.mpg',431430,'{\"owner\": \"Kelli Paucek\"}',2,'1988-02-25 10:49:31','2020-06-15 21:06:39'),(31,91,'http://dropbox.net/vk/facere.jpg',222655,'{\"owner\": \"Carey Nikolaus\"}',2,'1985-11-06 19:27:32','2020-06-15 21:06:39'),(32,27,'http://dropbox.net/vk/qui.jpeg',808988,'{\"owner\": \"Dedric Harris\"}',3,'1992-12-01 14:25:31','2020-06-15 21:06:39'),(33,63,'http://dropbox.net/vk/laudantium.avi',2050526,'{\"owner\": \"Katherine Terry\"}',1,'2020-03-14 00:20:57','2020-06-15 21:06:39'),(34,33,'http://dropbox.net/vk/aspernatur.jpeg',366975,'{\"owner\": \"Noemie Swift\"}',2,'1975-12-07 05:42:01','2020-06-15 21:06:39'),(35,75,'http://dropbox.net/vk/sunt.jpg',4224,'{\"owner\": \"Kelli Paucek\"}',1,'1992-07-22 03:57:02','2020-06-15 21:06:39'),(36,77,'http://dropbox.net/vk/est.mpg',42540549,'{\"owner\": \"Lucie Maggio\"}',1,'1975-08-18 10:13:38','2020-06-15 21:06:39'),(37,58,'http://dropbox.net/vk/voluptas.jpg',482325307,'{\"owner\": \"Lucius Schoen\"}',3,'1979-12-17 20:23:49','2020-06-15 21:06:39'),(38,58,'http://dropbox.net/vk/eos.avi',838678,'{\"owner\": \"Lucius Schoen\"}',2,'1980-02-26 22:10:03','2020-06-15 21:06:39'),(39,18,'http://dropbox.net/vk/suscipit.mpg',817832,'{\"owner\": \"Abby Kilback\"}',1,'1999-08-30 19:50:25','2020-06-15 21:06:39'),(40,15,'http://dropbox.net/vk/sed.mp3',397911,'{\"owner\": \"Daron Dooley\"}',3,'1986-06-27 20:29:58','2020-06-15 21:06:39'),(41,22,'http://dropbox.net/vk/voluptas.jpg',4470,'{\"owner\": \"Layla Douglas\"}',1,'1986-09-18 04:26:27','2020-06-15 21:06:39'),(42,62,'http://dropbox.net/vk/alias.avi',5775,'{\"owner\": \"Rodger Cartwright\"}',2,'2002-09-09 01:58:15','2020-06-15 21:06:39'),(43,43,'http://dropbox.net/vk/ipsam.avi',18928,'{\"owner\": \"Chanelle Maggio\"}',2,'2006-06-30 01:13:40','2020-06-15 21:06:39'),(44,29,'http://dropbox.net/vk/tempora.jpeg',878629,'{\"owner\": \"Alba Muller\"}',2,'1970-06-21 00:46:17','2020-06-15 21:06:39'),(45,14,'http://dropbox.net/vk/maiores.mpg',51790,'{\"owner\": \"Monty Anderson\"}',3,'2013-10-05 20:28:37','2020-06-15 21:06:39'),(46,83,'http://dropbox.net/vk/ut.avi',189412,'{\"owner\": \"Harmony White\"}',1,'1994-09-15 05:49:43','2020-06-15 21:06:39'),(47,73,'http://dropbox.net/vk/nostrum.avi',98818214,'{\"owner\": \"Chelsea Kuphal\"}',3,'2003-01-31 21:34:14','2020-06-15 21:06:39'),(48,15,'http://dropbox.net/vk/sint.mp3',301173,'{\"owner\": \"Daron Dooley\"}',1,'2019-03-29 02:48:37','2020-06-15 21:06:39'),(49,54,'http://dropbox.net/vk/nostrum.jpeg',1448,'{\"owner\": \"Devin Klein\"}',3,'1992-07-08 04:14:10','2020-06-15 21:06:39'),(50,27,'http://dropbox.net/vk/et.mpg',927632,'{\"owner\": \"Dedric Harris\"}',1,'2010-05-17 08:54:08','2020-06-15 21:06:39');
/*!40000 ALTER TABLE `media` ENABLE KEYS */;
UNLOCK TABLES;

--
-- Table structure for table `media_types`
--

DROP TABLE IF EXISTS `media_types`;
/*!40101 SET @saved_cs_client     = @@character_set_client */;
/*!50503 SET character_set_client = utf8mb4 */;
CREATE TABLE `media_types` (
  `id` int unsigned NOT NULL AUTO_INCREMENT COMMENT 'Идентификатор строки',
  `name` varchar(255) CHARACTER SET utf8 COLLATE utf8_unicode_ci NOT NULL COMMENT 'Название типа',
  `created_at` datetime DEFAULT CURRENT_TIMESTAMP COMMENT 'Время создания строки',
  `updated_at` datetime DEFAULT CURRENT_TIMESTAMP ON UPDATE CURRENT_TIMESTAMP COMMENT 'Время обновления строки',
  PRIMARY KEY (`id`),
  UNIQUE KEY `name` (`name`)
) ENGINE=InnoDB AUTO_INCREMENT=4 DEFAULT CHARSET=utf8 COLLATE=utf8_unicode_ci COMMENT='Типы медиафайлов';
/*!40101 SET character_set_client = @saved_cs_client */;

--
-- Dumping data for table `media_types`
--

LOCK TABLES `media_types` WRITE;
/*!40000 ALTER TABLE `media_types` DISABLE KEYS */;
INSERT INTO `media_types` VALUES (1,'photo','2020-06-15 21:03:18','2020-06-15 21:03:18'),(2,'video','2020-06-15 21:03:18','2020-06-15 21:03:18'),(3,'audio','2020-06-15 21:03:18','2020-06-15 21:03:18');
/*!40000 ALTER TABLE `media_types` ENABLE KEYS */;
UNLOCK TABLES;

--
-- Table structure for table `messages`
--

DROP TABLE IF EXISTS `messages`;
/*!40101 SET @saved_cs_client     = @@character_set_client */;
/*!50503 SET character_set_client = utf8mb4 */;
CREATE TABLE `messages` (
  `id` int unsigned NOT NULL AUTO_INCREMENT COMMENT 'Идентификатор строки',
  `from_user_id` int unsigned NOT NULL COMMENT 'Ссылка на отправителя сообщения',
  `to_user_id` int unsigned NOT NULL COMMENT 'Ссылка на получателя сообщения',
  `body` text CHARACTER SET utf8 COLLATE utf8_unicode_ci NOT NULL COMMENT 'Текст сообщения',
  `media_id` int unsigned DEFAULT NULL,
  `is_important` tinyint(1) DEFAULT NULL COMMENT 'Признак важности',
  `is_delivered` tinyint(1) DEFAULT NULL COMMENT 'Признак доставки',
  `created_at` datetime DEFAULT CURRENT_TIMESTAMP COMMENT 'Время создания строки',
  PRIMARY KEY (`id`)
) ENGINE=InnoDB AUTO_INCREMENT=101 DEFAULT CHARSET=utf8 COLLATE=utf8_unicode_ci COMMENT='Сообщения';
/*!40101 SET character_set_client = @saved_cs_client */;

--
-- Dumping data for table `messages`
--

LOCK TABLES `messages` WRITE;
/*!40000 ALTER TABLE `messages` DISABLE KEYS */;
INSERT INTO `messages` VALUES (1,35,19,'Impedit similique optio consequatur est est illum. Velit rem optio velit. Omnis sunt est molestiae doloribus eum cupiditate. Alias cupiditate fugit pariatur debitis id quod.',87,0,0,'1980-07-06 14:34:20'),(2,81,40,'Est ut accusantium id mollitia sit. Sint porro natus molestiae sit sunt. Non qui consequatur non numquam repellat consequatur ipsa.',59,1,0,'2001-05-16 13:44:38'),(3,73,87,'Magnam aut illum eos. Neque consequatur ex quisquam at aut vero. Et qui ut fugit placeat sed officia deleniti.',14,1,1,'1987-10-17 16:41:39'),(4,11,10,'Et doloremque deleniti nulla earum doloribus occaecati sit. Sint voluptates iusto ipsam aut aliquid et ut. Itaque eum ut iusto nemo dolor quo.',19,0,1,'1976-01-31 07:48:14'),(5,65,66,'Amet laborum est laudantium aspernatur odit optio iste soluta. Aut voluptatem vel quo hic labore est. Quos saepe eius quod voluptatem sint maiores pariatur dolorem. Perferendis unde est nam accusantium tenetur velit dicta.',34,1,0,'2013-05-21 00:46:34'),(6,74,67,'Aliquid ut sunt et excepturi corrupti voluptates molestias. Eum magnam et officia ea sequi. Similique dolor velit est maiores sit esse voluptas. Debitis nemo maiores adipisci quia similique ut perspiciatis.',10,0,0,'1976-07-22 17:14:54'),(7,52,27,'Quis at sed nisi et qui nesciunt esse. Quia et sapiente laudantium quae nisi. Quis aut eveniet quia consequuntur earum ea distinctio.',79,1,0,'1996-05-25 10:15:03'),(8,13,26,'Cum deserunt et fugiat et earum assumenda sapiente. Ad recusandae odit et. Cupiditate aut consequatur voluptatem consequatur autem. Fugit vero natus ipsa non facere perspiciatis porro earum.',92,0,1,'1997-03-02 19:53:33'),(9,82,34,'Beatae enim voluptatum quia eos. Est magnam ut in sequi et recusandae dolor. Consequatur commodi repellat et omnis voluptatem recusandae aperiam.',21,1,0,'2006-12-18 08:40:24'),(10,5,60,'Est provident amet vel et. Voluptatem occaecati est corporis. Voluptas distinctio voluptatem qui sint quia rerum.',86,0,1,'2019-04-24 16:24:30'),(11,48,81,'Aut et necessitatibus in fuga. Voluptas occaecati ducimus dolor saepe neque maiores. Minus non nam delectus a et. Aut magnam et eaque quibusdam enim.',59,0,1,'1984-10-11 21:31:35'),(12,53,89,'Exercitationem vero explicabo facilis eos sit ut. Iure dolores illo nihil. Ipsam saepe officiis quibusdam.',87,0,0,'2014-11-30 01:51:25'),(13,64,59,'Ea maiores non porro. Quae vel provident exercitationem iusto. Dolorum explicabo deserunt qui rem vel. Necessitatibus odio nam beatae assumenda debitis.',5,0,0,'1979-03-29 20:54:36'),(14,46,16,'Maxime rerum architecto aliquam dignissimos dignissimos. Quaerat quibusdam consectetur blanditiis consequatur et doloribus neque. Atque temporibus nihil tempore et necessitatibus quo quis.',38,1,1,'1972-10-28 08:47:41'),(15,45,8,'Facere reiciendis eos ut aut vel fuga. Commodi aliquam natus alias amet quasi. Assumenda quas unde ipsam placeat libero.',7,0,0,'1987-11-15 16:14:26'),(16,8,20,'Inventore omnis iusto accusantium id illo. Architecto culpa qui corporis.',74,1,1,'1997-04-13 22:27:53'),(17,10,26,'Nobis consequatur impedit voluptatem commodi nesciunt magni ut. Dolores sunt enim quia deserunt sit. Explicabo iure ea accusamus praesentium sed dignissimos laboriosam.',100,0,1,'1997-11-04 18:22:04'),(18,23,13,'Ullam doloremque ut veniam ab repellendus. Voluptatibus itaque iure commodi beatae ut. Aperiam esse et praesentium. Fugit aut fugiat corporis odit voluptatum impedit consequuntur.',97,0,1,'1982-06-01 05:51:36'),(19,45,33,'Tempore tempora quisquam molestiae. Ut et aspernatur magnam aliquam eveniet asperiores. In molestias optio sit. Porro illum minus rerum ullam hic.',31,1,0,'1973-07-13 07:29:41'),(20,56,86,'Velit illo consequatur quos. Non non exercitationem illum sequi. Labore iste consectetur rerum commodi minima et.',62,1,0,'2010-03-14 21:20:38'),(21,49,60,'Repudiandae ut in sed est. Placeat magni et totam beatae nihil quod. Et iusto deserunt nihil recusandae iste.',54,0,0,'1999-12-10 08:51:43'),(22,87,74,'Ipsa odit occaecati ut corrupti at culpa ipsam. Aperiam fugit ipsam veniam officiis deserunt. Fugit maxime tenetur minus similique et sed fugit.',10,1,0,'1999-08-15 01:50:39'),(23,25,96,'Alias quasi maiores nam eaque explicabo exercitationem assumenda. Et recusandae nemo mollitia odit deleniti cum aliquam. Eum consectetur labore accusantium fugiat et totam.',3,0,0,'1998-01-24 18:26:33'),(24,28,31,'Voluptas magnam culpa aut et officiis. Dolore ex voluptatum esse natus. Debitis voluptas blanditiis laboriosam vitae aut.',71,1,1,'1975-02-07 09:42:36'),(25,60,89,'Voluptatum quia animi aut debitis quia. Sed ratione repellendus ad qui. Vel ducimus corrupti placeat earum. Voluptas id molestiae vitae iure recusandae rem. Qui unde unde soluta sed.',61,0,0,'1987-09-12 00:55:59'),(26,40,14,'Fugit in aut debitis sit aspernatur provident nesciunt. Rerum debitis iste qui sequi sed eligendi incidunt. Quis aut minus facere dolor. Tenetur et aut aliquid hic doloribus.',52,0,0,'2012-02-05 09:51:25'),(27,16,22,'Corrupti sint ad molestiae a praesentium quod qui. Et impedit itaque est adipisci itaque ut sint sunt. Maxime et dolorem vel.',63,0,1,'2004-05-25 00:41:30'),(28,49,57,'Ab molestiae occaecati qui voluptatem a. Qui quis ut consequatur deleniti vel.',37,1,1,'1988-03-09 05:01:33'),(29,11,45,'Et hic voluptas enim labore amet. Voluptatem quis maxime et et. Nam soluta sed est non tempore numquam ut vitae. Occaecati iure non deleniti dolorem occaecati.',89,1,0,'2000-10-19 04:30:55'),(30,12,93,'Eos sapiente doloribus aut odit. Repellat nihil in est enim sed. Sed assumenda voluptates adipisci ut facere.',30,0,1,'1992-12-06 08:59:44'),(31,67,47,'Omnis quis voluptates animi cupiditate accusantium occaecati autem. Iusto ut in modi quia velit. Nesciunt et error et aut et. Optio beatae libero a sint dolor facilis.',33,0,1,'2002-04-14 10:24:55'),(32,24,21,'Tempore beatae excepturi autem est. Et dolorem iure et et ducimus consequatur. Quos accusantium quos dolores voluptatem. Id animi assumenda expedita ex voluptatem autem maxime.',31,0,1,'1998-10-04 17:51:37'),(33,94,74,'Ea necessitatibus magnam optio. Repudiandae autem qui consequuntur est asperiores dolore. Amet aut nostrum reprehenderit velit est ipsum voluptatem. Magnam iste omnis nihil ducimus.',89,0,0,'1980-05-31 01:12:11'),(34,21,37,'Quo molestias consequatur sit fuga vitae rerum dolor. Illo doloribus commodi itaque et ut. Quo soluta iure rerum enim vel sapiente. Enim est delectus exercitationem similique tempora.',23,1,1,'1986-02-17 15:21:20'),(35,5,52,'Quia est unde sed perspiciatis. Blanditiis alias nam vero amet omnis quia. Laborum quos qui voluptatem qui aspernatur qui. Aut et blanditiis vero qui corporis optio.',46,1,0,'1994-03-14 12:22:26'),(36,75,35,'Dolores voluptas aliquam quas quis porro ipsa. Aut aut debitis sed facilis qui sint ipsam. Libero eum harum minima consectetur mollitia sint quasi. Distinctio assumenda quis rem repudiandae.',48,0,0,'2006-08-12 18:16:45'),(37,37,39,'Molestiae quibusdam rerum ullam inventore dolorem. Sed distinctio inventore vero eligendi. Id velit quis sapiente exercitationem. Ab ea perspiciatis aperiam.',85,0,0,'1970-09-25 05:27:33'),(38,5,69,'Dolorum occaecati voluptas cumque. Voluptatem nesciunt rerum expedita voluptate. Qui error in quis maiores dolorem ad.',32,1,0,'1983-10-22 20:17:26'),(39,51,60,'Ea impedit voluptatem deleniti. Hic fugit natus sapiente tenetur praesentium ab et. Maxime repellendus unde quae quas et quo rerum. Blanditiis perspiciatis excepturi ut animi ad reprehenderit nam.',45,1,1,'1992-03-10 07:44:06'),(40,45,90,'Alias voluptatem est et voluptas. Asperiores ad id dolorum quo tenetur delectus. Sed ut distinctio id cupiditate quisquam. Quaerat ipsum quas ad et magnam vel earum.',13,1,1,'1970-08-05 00:18:29'),(41,96,42,'Labore voluptatum et qui sit. Et saepe deserunt quisquam ullam veritatis. Rem aut possimus quisquam sit facilis enim. Eos pariatur dolores laudantium odit voluptatem numquam.',19,0,0,'1995-12-05 07:02:20'),(42,69,89,'Neque ut totam aut. Laudantium qui alias et dolorem magnam et et. Sunt omnis molestiae tempora.',38,0,0,'2012-03-09 17:57:50'),(43,22,96,'Aut non fugit id impedit cum autem est. Nemo eligendi delectus ut sunt ut voluptatem aut. Aliquid accusantium delectus labore sit libero.',12,0,1,'2014-10-14 05:02:22'),(44,70,15,'Magnam labore excepturi et nisi impedit sit sit quo. Et consequatur praesentium qui eos. Rerum ullam rem fugiat enim. Ullam laudantium numquam officiis voluptas autem.',65,0,1,'1992-11-22 15:01:18'),(45,80,5,'Vero voluptatem dolor temporibus. Totam dolores nisi aliquid quia non eum nobis deleniti. Fuga suscipit et iste sunt ducimus laborum. Eos id laborum et consectetur nostrum.',85,1,0,'1996-03-07 20:09:24'),(46,9,88,'Porro provident deleniti ea dolorem. Nesciunt perspiciatis ut molestiae numquam eos eum sint. Rerum omnis debitis asperiores corrupti.',14,1,1,'2002-07-28 02:38:35'),(47,4,78,'Et quos facilis rerum voluptatibus. Est consequatur aut enim atque quia. Quisquam culpa aut vero nulla. Aut aut labore illum aliquam excepturi et voluptatem.',77,0,1,'1977-11-20 10:09:55'),(48,52,30,'Molestias sit nihil iusto in in suscipit. Distinctio veniam doloribus est. Voluptas dolor cupiditate iusto atque similique inventore earum. A architecto id temporibus beatae facere aut.',91,0,0,'2008-11-27 16:09:59'),(49,64,49,'Ipsa velit quia animi minus consequuntur eum repellat. Adipisci nam cumque fugit dolores quo consequuntur enim. Nihil laudantium architecto eaque dolor.',50,1,0,'1995-09-29 13:08:27'),(50,5,75,'Tempora est consectetur molestiae inventore assumenda sapiente. Quis qui omnis ratione odio soluta delectus ipsam. Ut optio quisquam eos in veritatis dignissimos iure. Ut laborum qui enim.',57,0,0,'1998-08-08 02:40:33'),(51,61,32,'Laborum occaecati rerum esse quos porro provident. Officiis minus sed et sint maxime itaque laborum. Et similique explicabo architecto earum eos sunt ut sit.',77,0,0,'1982-08-15 10:20:40'),(52,89,14,'Non et vel ut et mollitia molestias doloremque. Rerum qui sapiente qui dolores tempore. Aut excepturi et sunt sunt est quia.',100,1,1,'1979-10-02 22:20:42'),(53,59,93,'Aut eaque consequatur laudantium laborum quo eveniet. Non et consectetur mollitia odio a necessitatibus cum. Aperiam deleniti totam autem doloribus ut itaque. Quis tenetur aut eius est impedit.',87,0,0,'1999-09-11 01:57:41'),(54,57,23,'Nulla sit voluptatem est temporibus dolores dolor. Expedita omnis pariatur quibusdam quisquam dolores illo earum. Inventore et voluptatem quia vero.',44,1,0,'2010-12-17 08:21:38'),(55,50,16,'Et itaque aperiam consequatur asperiores repudiandae qui iure. Reiciendis similique aut quis. Aut dolores similique facilis vitae voluptatibus.',31,1,1,'1972-11-19 15:48:26'),(56,4,29,'Culpa adipisci quasi in hic ullam. Autem autem aspernatur odit inventore earum. Aut velit quam quia voluptatem.',33,1,1,'1975-11-28 15:11:32'),(57,77,86,'Totam sit animi molestiae. Magnam assumenda culpa sit architecto. Quis in atque dolorem. Possimus deleniti animi quidem adipisci.',97,0,0,'1997-10-28 09:39:52'),(58,25,36,'Deserunt illum maiores vero molestiae odio explicabo. Nesciunt placeat cupiditate dolores molestiae asperiores. Odit dolor aspernatur tempore sit sed quae fuga nam.',5,0,1,'2018-04-27 07:31:56'),(59,16,66,'Consequuntur dicta sunt doloremque voluptatem expedita natus. Atque deleniti molestiae ratione a pariatur molestias sit.',80,0,1,'1973-02-23 13:26:16'),(60,3,75,'Similique quod perferendis quo aperiam ratione et praesentium. Nihil vitae praesentium rerum consequatur consequatur. Qui dolorem repellat occaecati quidem quos omnis ea tempore.',66,1,0,'2018-02-12 12:07:21'),(61,5,26,'Omnis magnam reiciendis ratione magni reprehenderit. Minima ipsum omnis earum fugiat fuga sint. Fuga reprehenderit enim accusamus velit illum eligendi qui voluptatem. Veniam nam necessitatibus et accusantium qui sit rem.',13,1,1,'1983-10-16 04:05:00'),(62,89,2,'Ipsam dicta sapiente iste. Labore magnam numquam voluptatem ab. Sint porro eius recusandae qui mollitia animi.',45,0,1,'1999-04-14 20:05:06'),(63,19,60,'Explicabo aliquam qui eum nobis vel est aliquid tenetur. Molestiae voluptas aut molestias non. Est dolor eveniet qui. Est tempore minus aut aspernatur et labore.',41,0,1,'2007-06-22 18:55:33'),(64,26,4,'Et commodi molestiae autem sapiente facilis beatae. Omnis quia cumque sunt architecto.',43,0,0,'2020-05-29 15:06:13'),(65,4,91,'Earum perspiciatis tempora sapiente eum nostrum. Et aut et eos eius dolore et cumque. Id in nulla ipsam non dolores. Assumenda quod sed ut.',41,0,1,'1993-04-14 21:32:47'),(66,32,36,'Dolorem sunt ad aut sit doloribus accusamus. Molestiae ratione explicabo molestias facere numquam aut. Voluptas quo quae culpa et quasi sed et est.',85,0,0,'1977-10-25 01:10:45'),(67,15,21,'Sed est incidunt similique pariatur est. Reiciendis vitae illo in vero quibusdam a temporibus dolores. Nisi reiciendis temporibus sapiente quasi. Culpa sint occaecati necessitatibus ut. Molestias tempore qui nisi unde.',60,0,1,'1979-10-08 09:54:43'),(68,34,90,'Numquam eos sed tempore quis a dolorem fugit. Iste occaecati quaerat eos. Totam aut doloremque similique voluptatum ut aut. Minus aliquid ea temporibus doloribus voluptas voluptatem.',49,0,1,'2003-01-21 17:57:45'),(69,73,19,'Porro ut qui quisquam. Qui eum totam impedit sunt. Reiciendis quia quae commodi eum exercitationem quidem. Doloribus inventore est ea suscipit.',75,0,1,'2019-03-25 17:24:48'),(70,15,52,'Cum illo ut maiores aut aut autem dolor qui. Nulla deserunt itaque fugit velit voluptas provident vel.',15,0,0,'2008-04-02 12:30:04'),(71,19,50,'Reprehenderit aut pariatur velit voluptas rerum nemo omnis. Veniam temporibus rem eum qui. Officia repellendus asperiores corrupti aut voluptas. Dolorem ducimus sunt ullam ipsam voluptas non delectus.',91,0,1,'1998-12-30 23:32:08'),(72,4,49,'Veritatis non illum ipsam quibusdam recusandae reprehenderit necessitatibus. Facilis pariatur et voluptatibus et. Soluta adipisci sequi vero magnam deserunt voluptas exercitationem. Labore voluptatem autem quia.',30,1,0,'2005-06-29 02:41:33'),(73,4,29,'Aut assumenda asperiores voluptas tempora voluptatem. Dolores fuga ratione rerum. Architecto perferendis quidem sint adipisci ea.',35,0,1,'2000-11-30 13:34:56'),(74,84,16,'Et ut reiciendis quia quidem sequi laudantium. Corrupti iste recusandae et laborum incidunt. Voluptate maiores est ratione at alias. Illo laboriosam cum quia voluptatibus molestiae.',25,0,0,'2013-12-23 22:48:45'),(75,79,20,'Omnis eaque itaque consequatur dolorem. Commodi officia quis numquam inventore eligendi maiores omnis. Minima et eos cupiditate omnis iste omnis repellendus.',61,1,0,'2000-08-29 11:45:06'),(76,44,38,'Eum neque incidunt molestiae sed ut suscipit. Assumenda reprehenderit fugiat velit sint quos quo excepturi. Quia asperiores deleniti ratione dolorum vitae magnam.',55,1,0,'2017-12-20 10:11:04'),(77,63,48,'Autem et libero nihil nulla optio eaque vero ut. Voluptate quia laborum incidunt maxime dolore. Quia alias velit deserunt dolor ipsum modi.',52,0,1,'2015-07-14 18:19:20'),(78,13,11,'Et ipsa velit et sunt explicabo nemo. Corrupti nulla vel ab omnis quia corporis. Laboriosam et corrupti adipisci. Cumque repellat sit excepturi similique dignissimos.',14,0,0,'1976-04-15 16:14:25'),(79,36,37,'Sit nesciunt sit omnis quo magni. Rerum et expedita vitae magnam. Quae voluptate ut eligendi autem rerum nisi. Et a vero maiores culpa quod recusandae.',75,1,1,'1971-12-26 06:00:03'),(80,66,4,'Sit occaecati delectus blanditiis velit sequi rerum pariatur ut. Aut nam non et. Inventore sit consequatur ut molestiae. Aperiam quia perspiciatis consequatur impedit natus sit enim magni.',21,0,0,'1974-06-29 06:57:54'),(81,94,7,'Provident numquam quidem molestiae iure delectus et nesciunt tenetur. Hic dolor voluptatem deleniti blanditiis.',50,1,1,'1973-07-15 07:30:31'),(82,28,92,'Quasi sunt est aliquam ad accusantium provident nisi. Quis ut incidunt minus et tempore at tempore aut. Nostrum saepe dicta culpa blanditiis.',76,1,0,'1996-08-23 01:43:36'),(83,2,82,'Aut vero laboriosam quas. Fugit dicta doloremque sed doloremque.',5,1,0,'1978-08-19 16:18:07'),(84,76,66,'Explicabo explicabo et temporibus dolor ut. Cum sint et expedita cum non. Quibusdam repudiandae deserunt omnis beatae aliquid et. Ut qui corporis tenetur aut vel et.',1,0,0,'2009-02-19 00:54:14'),(85,6,28,'Nihil rerum quis aliquam et hic cumque dolor. Ut a laboriosam in ducimus in et. Blanditiis sit et rerum quaerat ut sit sapiente. Quia ullam exercitationem asperiores quia ducimus aspernatur consequuntur eligendi.',22,0,0,'1985-01-07 19:39:11'),(86,23,51,'Labore vel tempore sit nisi. Fugiat sed ut vel ipsum consequuntur et. Minima in est illum iusto ut distinctio ullam. Fugit quia reiciendis voluptates at.',86,1,1,'1978-06-23 22:52:02'),(87,76,23,'Et sequi in quis voluptas atque. Delectus eum aut officiis labore assumenda. Blanditiis amet a ab reprehenderit sit. Nisi sunt et nemo voluptas modi minus est eius.',86,1,0,'2018-04-19 08:06:06'),(88,60,41,'Voluptas delectus laboriosam saepe. Sint asperiores neque quo consequatur temporibus. Veritatis dolorum sit vel voluptatem id quaerat. Et porro dolorum accusantium commodi dignissimos illum unde. In exercitationem nihil laudantium sit maxime eos.',25,1,0,'2019-11-15 14:37:16'),(89,3,40,'Quis enim fuga dolorem quisquam. Asperiores et inventore qui laboriosam reiciendis. Sit et vero explicabo quis placeat aut. Sit aspernatur nostrum illo.',89,1,0,'1971-02-04 13:11:27'),(90,26,60,'Culpa eius atque sed ea dolor. Animi unde enim in id ea vel nostrum. Nihil delectus possimus inventore nam. Molestias totam voluptas quae qui voluptatem reiciendis eveniet.',21,1,0,'1988-11-13 01:46:48'),(91,27,70,'Nihil adipisci perspiciatis sed nobis ut aut facilis quo. Fugiat quo dicta deleniti et accusamus est. Quod nulla culpa iste est provident provident.',67,0,0,'1996-07-13 03:47:58'),(92,27,33,'Possimus ducimus rerum quo quia dicta est quo. Facere nobis qui consequuntur dolore. Voluptas maiores ipsa rerum.',84,1,0,'1992-06-30 06:26:25'),(93,22,54,'Possimus ut deleniti omnis culpa autem fuga. Dicta consequuntur alias at tempore. Ducimus mollitia pariatur vitae at vero omnis quis. Consequatur fugit earum asperiores mollitia ipsa ut.',6,0,1,'1982-08-13 08:20:13'),(94,66,13,'Et explicabo repudiandae enim ad. Rerum distinctio rerum quos veritatis nostrum enim id suscipit. Repudiandae qui aspernatur facilis omnis.',65,0,1,'1981-08-05 00:51:35'),(95,85,32,'Non eum dolores quo voluptas ipsum. Dignissimos neque amet fugiat. Facilis facilis dolorum magni illo. Qui dolores asperiores dolor perspiciatis sint.',4,0,0,'1983-05-09 08:20:08'),(96,24,7,'Doloremque et maiores explicabo a. Earum mollitia cum deleniti voluptas ducimus quae. Voluptas est eligendi eum quia et asperiores sint.',63,1,0,'2017-09-20 06:31:13'),(97,92,71,'Eum velit reprehenderit id vero. Nihil consequatur ea reprehenderit suscipit aspernatur molestiae. Aliquam sit sint hic iusto aut aut et.',79,0,0,'1984-03-10 11:19:47'),(98,80,65,'Quia voluptatem iure qui voluptatem enim facere. Sint expedita doloribus ullam sed repellat vero. Ullam quidem tempore repellat sed beatae perspiciatis. Ea vero reiciendis nihil dolorum distinctio.',82,0,0,'1983-10-05 21:53:52'),(99,17,39,'Amet autem quaerat voluptatibus et dolores fuga reiciendis natus. Omnis ut amet est et deserunt. Illum dolor aut dolor ratione voluptas quod. Soluta velit eligendi et consequatur voluptatem sed.',43,0,0,'2003-01-09 20:11:11'),(100,98,61,'Et ad pariatur earum voluptas est sequi illum animi. Dolores sit quidem itaque consectetur ut praesentium est dicta. Illum qui rem magnam quidem libero et. Ut nisi quia corrupti labore repellat repudiandae qui.',9,0,1,'2019-07-15 14:02:21');
/*!40000 ALTER TABLE `messages` ENABLE KEYS */;
UNLOCK TABLES;

--
-- Table structure for table `profiles`
--

DROP TABLE IF EXISTS `profiles`;
/*!40101 SET @saved_cs_client     = @@character_set_client */;
/*!50503 SET character_set_client = utf8mb4 */;
CREATE TABLE `profiles` (
  `user_id` int unsigned NOT NULL COMMENT 'Ссылка на пользователя',
  `photo_id` int unsigned DEFAULT NULL,
  `gender` char(8) CHARACTER SET utf8 COLLATE utf8_unicode_ci NOT NULL COMMENT 'Пол',
  `birthday` date DEFAULT NULL COMMENT 'Дата рождения',
  `city` varchar(130) CHARACTER SET utf8 COLLATE utf8_unicode_ci DEFAULT NULL COMMENT 'Город проживания',
  `country` varchar(130) CHARACTER SET utf8 COLLATE utf8_unicode_ci DEFAULT NULL COMMENT 'Страна проживания',
  `is_private` tinyint(1) DEFAULT '0',
  `created_at` datetime DEFAULT CURRENT_TIMESTAMP COMMENT 'Время создания строки',
  `updated_at` datetime DEFAULT CURRENT_TIMESTAMP ON UPDATE CURRENT_TIMESTAMP COMMENT 'Время обновления строки',
  PRIMARY KEY (`user_id`)
) ENGINE=InnoDB DEFAULT CHARSET=utf8 COLLATE=utf8_unicode_ci COMMENT='Профили';
/*!40101 SET character_set_client = @saved_cs_client */;

--
-- Dumping data for table `profiles`
--

LOCK TABLES `profiles` WRITE;
/*!40000 ALTER TABLE `profiles` DISABLE KEYS */;
INSERT INTO `profiles` VALUES (1,42,'m','1998-08-31','Altenwerthfort','Guyana',1,'1971-12-17 14:40:57','2020-06-15 18:04:33'),(2,72,'m','1973-08-03','South Maevefurt','Trinidad and Tobago',1,'2019-04-13 18:13:46','2020-06-15 18:04:33'),(3,30,'m','2018-07-28','Lake Lane','Jordan',0,'1988-06-09 09:12:31','2020-06-15 17:59:48'),(4,36,'m','1979-07-15','Florianview','Yemen',0,'1981-11-14 01:44:59','2020-06-15 17:59:48'),(5,87,'f','1988-01-18','East Christellebury','Tunisia',1,'1984-11-28 02:02:06','2020-06-15 18:04:33'),(6,26,'f','1979-07-06','North Ruthe','Tajikistan',0,'2010-07-31 10:42:30','2020-06-15 17:59:48'),(7,68,'m','1991-10-13','Kihntown','Brazil',1,'1981-06-23 11:56:19','2020-06-15 18:04:33'),(8,64,'m','2000-06-27','Croninshire','Bermuda',0,'1982-06-27 22:30:06','2020-06-15 17:59:48'),(9,13,'m','1979-08-06','South Maximo','Iran',0,'1988-11-19 17:04:52','2020-06-15 17:59:48'),(10,74,'f','1990-11-21','North Emoryview','Hong Kong',1,'2004-06-25 16:40:11','2020-06-15 18:04:33'),(11,30,'f','1974-04-27','Horaciochester','Greenland',0,'2010-06-17 05:43:56','2020-06-15 17:59:48'),(12,28,'f','1999-06-12','Bartellton','British Virgin Islands',1,'2001-04-24 04:25:24','2020-06-15 18:04:33'),(13,49,'f','2011-02-01','Gaylordview','South Georgia and the South Sandwich Islands',1,'2017-09-16 16:11:39','2020-06-15 18:04:33'),(14,60,'f','2001-03-18','Lake Bethanyshire','Estonia',1,'2010-03-03 23:06:05','2020-06-15 18:04:33'),(15,52,'m','1973-05-04','South Chyna','Marshall Islands',1,'2013-07-15 14:59:17','2020-06-15 18:04:33'),(16,81,'f','1984-10-23','Port Otisland','Mali',1,'1994-11-29 05:53:28','2020-06-15 18:04:33'),(17,46,'m','2007-06-20','Braunstad','Macao',0,'1988-04-28 03:06:15','2020-06-15 17:59:48'),(18,87,'m','1980-02-21','North Aidanhaven','Mayotte',1,'2007-06-24 19:42:55','2020-06-15 18:04:33'),(19,99,'m','1981-06-18','Port Shanny','Cocos (Keeling) Islands',1,'2011-05-05 02:44:41','2020-06-15 18:04:33'),(20,30,'f','1998-09-04','New Earline','Kiribati',0,'2008-12-13 04:49:27','2020-06-15 17:59:48'),(21,56,'f','2006-02-22','Lake Consueloview','Costa Rica',1,'2001-03-30 18:31:12','2020-06-15 18:04:33'),(22,87,'f','1995-01-08','Collierhaven','Israel',1,'1984-12-18 21:01:36','2020-06-15 18:04:33'),(23,68,'f','1974-04-30','West Josianne','Myanmar',1,'2019-05-12 00:52:36','2020-06-15 18:04:33'),(24,76,'f','2004-08-08','West Gladyceville','Costa Rica',0,'1981-04-06 07:34:11','2020-06-15 17:59:48'),(25,77,'f','1977-01-03','Shirleybury','Swaziland',1,'1977-05-04 11:01:40','2020-06-15 18:04:33'),(26,56,'f','1973-12-19','Heloisechester','Burkina Faso',1,'1979-01-12 08:05:02','2020-06-15 18:04:33'),(27,51,'m','1999-02-16','Breitenbergbury','Netherlands Antilles',0,'2009-06-14 20:15:32','2020-06-15 17:59:48'),(28,84,'m','2014-10-17','North Jermaineport','Myanmar',1,'1993-08-31 14:18:51','2020-06-15 18:04:33'),(29,66,'f','1977-08-21','Marquardtmouth','Philippines',1,'1993-06-12 04:50:12','2020-06-15 18:04:33'),(30,80,'f','1984-04-10','New Dallinberg','United Kingdom',1,'2002-06-03 09:53:19','2020-06-15 18:04:33'),(31,99,'f','1991-03-20','Wildermanbury','Namibia',1,'1982-03-06 04:41:26','2020-06-15 18:04:33'),(32,54,'f','1992-11-21','Port Luemouth','Lao People\'s Democratic Republic',0,'2018-02-07 09:51:49','2020-06-15 17:59:48'),(33,75,'m','1985-12-23','Bonniemouth','Guinea',1,'2010-09-28 17:56:23','2020-06-15 18:04:33'),(34,10,'f','1981-10-29','West Don','Peru',0,'1993-05-07 16:03:25','2020-06-15 17:59:48'),(35,26,'f','1979-06-22','North Tyrell','Georgia',0,'2014-03-05 14:51:47','2020-06-15 17:59:48'),(36,99,'f','1970-06-21','Port Keanu','Mauritius',1,'2010-09-22 10:30:15','2020-06-15 18:04:33'),(37,15,'f','1978-04-22','West Hertaborough','Macao',0,'1989-04-14 18:31:41','2020-06-15 17:59:48'),(38,78,'f','1997-08-30','Tellymouth','New Zealand',1,'1988-07-05 14:58:01','2020-06-15 18:04:33'),(39,46,'f','1970-08-26','Daughertyshire','Central African Republic',0,'1976-02-17 21:42:11','2020-06-15 17:59:48'),(40,95,'m','1982-06-23','Beahanville','France',1,'1993-09-18 07:51:53','2020-06-15 18:04:33'),(41,35,'f','2011-10-11','Lillianberg','Japan',1,'1985-08-04 13:52:02','2020-06-15 18:04:33'),(42,90,'m','2018-12-04','Port Danielaton','Saint Kitts and Nevis',0,'2016-12-06 05:37:21','2020-06-15 17:59:48'),(43,45,'f','1986-10-26','South Marques','Saint Barthelemy',0,'1999-10-06 18:06:49','2020-06-15 17:59:48'),(44,56,'m','1978-08-20','Dariomouth','Namibia',1,'1982-11-25 22:35:43','2020-06-15 18:04:33'),(45,45,'f','2005-11-05','Lake Autumn','Monaco',0,'1991-08-08 19:46:57','2020-06-15 17:59:48'),(46,54,'m','2011-11-07','Lake Sylvesterland','Sierra Leone',1,'1981-01-30 07:03:59','2020-06-15 18:04:33'),(47,37,'m','1988-06-29','Kesslerton','French Guiana',0,'1985-05-04 04:25:31','2020-06-15 17:59:48'),(48,20,'m','1983-09-23','Mariamchester','Namibia',0,'2016-05-22 03:26:40','2020-06-15 17:59:48'),(49,91,'m','2015-04-03','Cormierview','Cook Islands',1,'2012-06-20 15:59:26','2020-06-15 18:04:33'),(50,94,'m','1979-11-08','Shakiraland','Niger',1,'2003-11-17 06:53:53','2020-06-15 18:04:33'),(51,97,'f','1981-03-18','West Brad','Kazakhstan',1,'1971-10-28 23:46:15','2020-06-15 18:04:33'),(52,3,'m','2017-03-03','Jessyborough','Philippines',0,'2018-10-03 10:13:53','2020-06-15 17:59:48'),(53,23,'m','2003-08-06','West Lucileborough','Angola',0,'2007-10-15 04:56:57','2020-06-15 17:59:48'),(54,4,'f','2008-07-07','West Aniya','Rwanda',0,'1970-10-28 19:36:42','2020-06-15 17:59:48'),(55,52,'m','2007-06-03','Mozellside','Japan',0,'1995-01-29 12:40:46','2020-06-15 17:59:48'),(56,47,'f','1988-03-04','Lake Ronny','Finland',0,'1991-06-09 08:34:08','2020-06-15 17:59:48'),(57,78,'f','2017-05-07','Boylehaven','Bosnia and Herzegovina',1,'1975-02-13 19:31:50','2020-06-15 18:04:33'),(58,50,'m','2009-02-10','Destineeborough','Netherlands',1,'2001-01-11 13:37:58','2020-06-15 18:04:33'),(59,14,'m','1998-12-17','Hayleyshire','Niue',0,'2018-08-30 13:07:58','2020-06-15 17:59:48'),(60,18,'m','1972-03-28','South Zita','British Virgin Islands',0,'2001-11-30 22:31:39','2020-06-15 17:59:48'),(61,48,'m','1973-03-31','Wildermanbury','Netherlands',0,'2009-07-31 06:22:05','2020-06-15 17:59:48'),(62,88,'f','2012-05-17','Travisshire','British Indian Ocean Territory (Chagos Archipelago)',1,'2019-03-04 13:53:35','2020-06-15 18:04:33'),(63,95,'f','1976-12-26','Shainaton','British Virgin Islands',1,'1996-10-07 20:28:24','2020-06-15 18:04:33'),(64,9,'f','1989-05-23','Port Misty','South Georgia and the South Sandwich Islands',0,'1971-12-28 04:55:18','2020-06-15 17:59:48'),(65,59,'m','2001-11-10','Dameonfort','Indonesia',1,'1971-02-11 05:41:08','2020-06-15 18:04:33'),(66,70,'f','2015-08-22','East Emmittstad','United States of America',1,'1984-02-06 13:39:41','2020-06-15 18:04:33'),(67,70,'m','1990-10-21','Macieburgh','Liberia',1,'2005-10-07 14:52:39','2020-06-15 18:04:33'),(68,42,'f','1970-05-05','Alyssontown','Zimbabwe',0,'2006-06-10 10:27:13','2020-06-15 17:59:48'),(69,97,'m','2009-11-22','Cronahaven','British Virgin Islands',1,'2002-01-05 18:05:37','2020-06-15 18:04:33'),(70,60,'f','2020-01-11','Sauerberg','South Africa',1,'2006-05-13 15:03:44','2020-06-15 18:04:33'),(71,9,'f','2004-08-29','Sheldonstad','Haiti',0,'1983-06-12 20:56:00','2020-06-15 17:59:48'),(72,64,'m','1971-01-09','Weimannmouth','Palestinian Territory',0,'1980-10-30 12:29:59','2020-06-15 17:59:48'),(73,91,'f','2008-03-11','Terrenceport','Kazakhstan',1,'1988-10-18 15:58:21','2020-06-15 18:04:33'),(74,62,'f','2020-04-10','Lake Thalia','Nigeria',1,'1981-04-10 07:38:51','2020-06-15 18:04:33'),(75,39,'f','1975-05-30','Cronaport','Sri Lanka',0,'2005-05-22 23:14:49','2020-06-15 17:59:48'),(76,8,'m','1986-08-03','South Kobe','Colombia',0,'2010-07-14 22:08:29','2020-06-15 17:59:48'),(77,23,'m','2016-04-16','Doylechester','Uruguay',0,'1988-06-07 18:20:14','2020-06-15 17:59:48'),(78,92,'m','1971-09-21','Kochmouth','Denmark',1,'1990-09-14 00:59:35','2020-06-15 18:04:33'),(79,89,'f','2015-11-19','Moenborough','Puerto Rico',1,'2017-09-20 13:39:26','2020-06-15 18:04:33'),(80,66,'m','2016-01-14','South Pietro','United Kingdom',1,'1985-01-29 11:42:17','2020-06-15 18:04:33'),(81,66,'m','1985-06-18','Nyasiafurt','French Southern Territories',0,'1985-06-15 21:37:32','2020-06-15 17:59:48'),(82,30,'f','1988-06-17','Lolitamouth','Czech Republic',1,'1974-04-01 11:45:01','2020-06-15 18:04:33'),(83,53,'f','2011-01-30','Steuberburgh','South Africa',1,'2004-04-21 10:31:57','2020-06-15 18:04:33'),(84,73,'f','2011-11-07','Simonisborough','Switzerland',1,'2015-03-31 06:55:09','2020-06-15 18:04:33'),(85,4,'m','2012-12-27','East Fritzmouth','Saint Lucia',0,'2009-01-17 21:48:44','2020-06-15 17:59:48'),(86,4,'f','2018-05-19','Wilkinsonchester','Guernsey',0,'1994-05-16 19:44:47','2020-06-15 17:59:48'),(87,5,'m','1992-11-29','Lake Jarenmouth','Mongolia',0,'2018-06-21 21:05:35','2020-06-15 17:59:48'),(88,13,'m','2016-09-23','Townefurt','Ecuador',1,'1994-10-13 17:04:58','2020-06-15 18:04:33'),(89,50,'m','2012-03-31','South Uriel','Tunisia',0,'1976-05-29 21:10:03','2020-06-15 17:59:48'),(90,12,'m','2010-10-21','Batzberg','Sweden',0,'1985-08-07 09:07:31','2020-06-15 17:59:48'),(91,9,'m','1976-04-04','East Reyna','Guernsey',0,'1983-04-08 03:33:14','2020-06-15 17:59:48'),(92,7,'m','2015-07-13','Beerberg','Canada',0,'2006-03-26 00:26:54','2020-06-15 17:59:48'),(93,10,'m','1975-10-18','Lestermouth','Vanuatu',0,'2003-10-30 18:12:54','2020-06-15 17:59:48'),(94,26,'f','1986-07-19','Stephanyville','Andorra',0,'1970-10-07 13:20:03','2020-06-15 17:59:48'),(95,2,'m','2008-11-24','North Misael','Italy',0,'2014-10-29 05:20:18','2020-06-15 17:59:48'),(96,29,'f','1991-11-06','West Weldonview','Ethiopia',0,'1979-10-31 13:12:42','2020-06-15 17:59:48'),(97,38,'m','1979-02-01','Lindberg','Greenland',0,'2001-10-10 21:08:35','2020-06-15 17:59:48'),(98,2,'m','1986-07-28','Towneland','Tokelau',0,'1989-09-21 19:17:35','2020-06-15 17:59:48'),(99,98,'m','1998-12-22','Bergstromstad','Saint Pierre and Miquelon',1,'1979-12-08 17:30:34','2020-06-15 18:04:33'),(100,85,'f','1971-01-21','Port Pattie','China',1,'2001-04-04 00:12:59','2020-06-15 18:04:33');
/*!40000 ALTER TABLE `profiles` ENABLE KEYS */;
UNLOCK TABLES;

--
-- Table structure for table `user_statuses`
--

DROP TABLE IF EXISTS `user_statuses`;
/*!40101 SET @saved_cs_client     = @@character_set_client */;
/*!50503 SET character_set_client = utf8mb4 */;
CREATE TABLE `user_statuses` (
  `id` int unsigned NOT NULL AUTO_INCREMENT,
  `name` varchar(150) NOT NULL,
  PRIMARY KEY (`id`),
  UNIQUE KEY `name` (`name`)
) ENGINE=InnoDB AUTO_INCREMENT=4 DEFAULT CHARSET=utf8mb4 COLLATE=utf8mb4_0900_ai_ci;
/*!40101 SET character_set_client = @saved_cs_client */;

--
-- Dumping data for table `user_statuses`
--

LOCK TABLES `user_statuses` WRITE;
/*!40000 ALTER TABLE `user_statuses` DISABLE KEYS */;
INSERT INTO `user_statuses` VALUES (1,'active'),(2,'blocked'),(3,'deleted');
/*!40000 ALTER TABLE `user_statuses` ENABLE KEYS */;
UNLOCK TABLES;

--
-- Table structure for table `users`
--

DROP TABLE IF EXISTS `users`;
/*!40101 SET @saved_cs_client     = @@character_set_client */;
/*!50503 SET character_set_client = utf8mb4 */;
CREATE TABLE `users` (
  `id` int unsigned NOT NULL AUTO_INCREMENT COMMENT 'Идентификатор строки',
  `first_name` varchar(100) CHARACTER SET utf8 COLLATE utf8_unicode_ci NOT NULL COMMENT 'Имя пользователя',
  `last_name` varchar(100) CHARACTER SET utf8 COLLATE utf8_unicode_ci NOT NULL COMMENT 'Фамилия пользователя',
  `email` varchar(100) CHARACTER SET utf8 COLLATE utf8_unicode_ci NOT NULL COMMENT 'Почта',
  `phone` varchar(100) CHARACTER SET utf8 COLLATE utf8_unicode_ci NOT NULL COMMENT 'Телефон',
  `status_id` int unsigned NOT NULL DEFAULT '1',
  `created_at` datetime DEFAULT CURRENT_TIMESTAMP COMMENT 'Время создания строки',
  `updated_at` datetime DEFAULT CURRENT_TIMESTAMP ON UPDATE CURRENT_TIMESTAMP COMMENT 'Время обновления строки',
  PRIMARY KEY (`id`),
  UNIQUE KEY `email` (`email`),
  UNIQUE KEY `phone` (`phone`)
) ENGINE=InnoDB AUTO_INCREMENT=101 DEFAULT CHARSET=utf8 COLLATE=utf8_unicode_ci COMMENT='Пользователи';
/*!40101 SET character_set_client = @saved_cs_client */;

--
-- Dumping data for table `users`
--

LOCK TABLES `users` WRITE;
/*!40000 ALTER TABLE `users` DISABLE KEYS */;
INSERT INTO `users` VALUES (1,'Letha','Olson','antonio48@example.com','1-396-137-2909x7642',3,'1972-06-26 05:18:08','2020-06-15 17:20:21'),(2,'Jadyn','Ondricka','garrison.waelchi@example.net','1-753-183-6860x5295',1,'1987-01-13 05:36:19','2020-06-15 17:22:54'),(3,'Kirk','Marquardt','rebeca.dibbert@example.org','938-258-4785x81841',2,'2009-05-07 23:28:21','2020-06-15 17:18:02'),(4,'Darrion','Robel','devante44@example.net','(374)064-3883x96734',1,'1981-11-12 04:43:57','2009-10-09 14:41:02'),(5,'Dulce','Schmeler','darryl.runolfsdottir@example.net','232-439-2827x79475',1,'1999-03-22 10:41:38','2006-12-15 11:56:30'),(6,'Aurelio','Brekke','vgleichner@example.com','226.419.4098x659',1,'1999-03-07 04:35:32','2020-06-15 17:22:54'),(7,'Braeden','Bechtelar','carmelo25@example.com','580.369.9367',1,'1997-12-12 15:02:29','2018-08-05 17:17:46'),(8,'Carley','Quigley','gdeckow@example.org','701-995-8158',1,'1984-08-12 02:21:46','2005-06-17 06:10:51'),(9,'Loren','Zieme','fschulist@example.net','200.375.5889',1,'1978-10-09 03:00:06','2003-05-12 18:25:14'),(10,'Alek','Simonis','hansen.zachariah@example.org','+14(0)5839066363',1,'1996-10-11 15:54:51','2020-06-15 17:22:54'),(11,'Alana','Huel','earnest56@example.org','1-615-134-8269',1,'2010-11-27 09:00:01','2020-06-15 17:22:54'),(12,'Jesse','Schmeler','kub.ally@example.net','938-114-0430',1,'1993-08-18 02:31:24','2020-06-15 17:22:54'),(13,'Jeanie','Wolff','vbergstrom@example.com','1-928-048-6924x3369',3,'2012-01-13 04:54:32','2020-06-15 17:19:17'),(14,'Monty','Anderson','hazel20@example.com','233-167-7584x8736',1,'2000-11-06 23:01:46','2018-08-14 12:39:26'),(15,'Daron','Dooley','alphonso63@example.net','493.367.8106x53766',1,'1993-11-28 14:53:19','2006-07-01 01:14:19'),(16,'Jadyn','Schumm','hbogan@example.com','219.457.1176',1,'1994-10-11 04:43:32','2020-06-15 17:22:54'),(17,'Gwendolyn','Breitenberg','else.abbott@example.org','873.192.4273x9750',1,'1994-09-23 17:41:28','2006-03-24 08:05:35'),(18,'Abby','Kilback','deron.crooks@example.net','+84(4)0825955007',1,'1992-12-30 09:45:18','2020-06-15 17:22:54'),(19,'Samantha','Crona','urban83@example.com','558-117-5871x46946',1,'2013-03-24 06:27:17','2020-06-15 17:22:54'),(20,'Maia','Zieme','gordon05@example.org','181-872-9859',1,'2013-06-27 05:55:09','2020-06-15 17:22:54'),(21,'Quentin','Abernathy','alexandrea.king@example.org','(090)410-0663x87580',1,'1980-04-12 00:20:50','2004-05-03 01:31:16'),(22,'Layla','Douglas','bnolan@example.org','07137459451',1,'1995-04-26 23:41:33','1995-05-07 19:18:30'),(23,'Levi','Hoppe','wilkinson.jace@example.com','1-372-366-9052x87602',1,'2013-05-15 04:50:22','2020-06-15 17:22:54'),(24,'Marta','Cole','ewalker@example.com','1-061-216-2168x97303',1,'1991-01-13 23:35:26','2020-06-15 17:22:54'),(25,'Libbie','Heidenreich','rudolph.bruen@example.net','1-219-806-3196x604',2,'1970-04-19 01:46:06','2020-06-15 17:18:02'),(26,'Corrine','Pfannerstill','otto.hilll@example.com','(438)273-9654x332',1,'2007-09-25 02:44:39','2020-06-15 17:22:54'),(27,'Dedric','Harris','crystal76@example.org','663-029-9652',1,'1981-10-23 02:42:01','1994-01-27 04:12:19'),(28,'Brenden','Hettinger','ylang@example.net','726-978-0850x701',1,'2000-11-07 21:29:40','2020-06-15 17:22:54'),(29,'Alba','Muller','wolff.mallie@example.net','559-406-4301x32955',1,'2011-08-12 12:44:18','2020-06-15 17:22:54'),(30,'Amaya','Yost','rwillms@example.org','972.704.5345x356',1,'1992-08-04 16:49:26','2010-09-28 08:54:05'),(31,'Katlynn','Hane','johnny.von@example.net','(094)019-6651',1,'1995-11-28 04:36:01','2020-06-15 17:22:54'),(32,'Alek','Gusikowski','reynolds.brandi@example.net','(557)375-6492',1,'1979-01-08 20:32:16','2002-08-28 19:25:03'),(33,'Noemie','Swift','rippin.delphine@example.com','(778)733-0886x9259',1,'2008-01-11 05:50:41','2020-06-15 17:22:54'),(34,'Ora','Renner','heaven28@example.net','+48(5)9374692383',3,'2013-07-12 00:09:49','2020-06-15 17:19:17'),(35,'Randy','Weber','donnelly.danny@example.net','1-282-605-1182x2100',1,'2009-06-12 08:21:18','2020-06-15 17:22:54'),(36,'Kellen','Eichmann','lempi98@example.net','1-158-841-4679x9563',1,'2010-10-22 02:35:18','2020-06-15 17:22:54'),(37,'Evan','Schiller','smaggio@example.org','(342)342-6880x326',1,'2003-01-24 22:12:36','2020-06-15 17:22:54'),(38,'Jeanne','Zemlak','bessie.jacobi@example.net','(445)804-8295x993',1,'1990-05-31 10:13:21','2005-04-22 17:42:06'),(39,'Palma','Kulas','kendall88@example.com','1-601-200-5954x6856',1,'1994-08-07 14:58:43','2020-06-15 17:22:54'),(40,'Turner','Wolff','guadalupe05@example.net','829.562.2825',1,'1997-03-11 21:24:54','2020-06-15 17:22:54'),(41,'Jakob','Skiles','bryon95@example.net','1-990-481-8369',1,'2000-03-20 16:20:04','2020-06-15 17:22:54'),(42,'Karina','Prosacco','fahey.alfonzo@example.com','489-209-8363x71101',1,'2017-09-28 08:31:57','2020-06-15 17:22:54'),(43,'Chanelle','Maggio','spadberg@example.org','707-427-1755x730',1,'1973-05-05 22:25:48','2004-02-25 02:46:28'),(44,'Elwin','Beatty','corbin.stehr@example.org','(165)348-4619x30095',1,'2005-05-01 12:21:54','2020-06-15 17:22:54'),(45,'Rollin','Heaney','lisette74@example.com','156.496.2103x51167',2,'1979-03-28 22:50:24','2020-06-15 17:18:02'),(46,'Caterina','Schulist','ozulauf@example.org','+61(5)3278141903',1,'1994-02-28 05:12:56','2020-06-15 17:22:54'),(47,'Deanna','Hahn','stark.meggie@example.net','(365)612-8559x280',1,'2010-11-29 02:58:23','2015-04-02 16:49:57'),(48,'Frederique','Doyle','rodger.trantow@example.net','786.809.7245',3,'2002-10-25 12:44:24','2020-06-15 17:19:17'),(49,'Burley','Maggio','rhoda93@example.net','818-130-3360x056',1,'1994-07-13 11:57:18','2020-06-15 17:22:54'),(50,'Dora','Brekke','kgutkowski@example.org','(808)971-0201',1,'1970-02-10 11:08:30','2001-02-05 15:04:26'),(51,'Arlie','Shanahan','alvera50@example.org','481-274-4651x125',1,'1978-12-04 07:50:08','2007-04-25 21:17:33'),(52,'Sandra','Ankunding','brad.kuhn@example.com','831-032-3713',1,'2017-04-15 12:28:17','2020-06-15 17:22:54'),(53,'Belle','Anderson','vshanahan@example.net','(138)903-9459',1,'1994-01-02 11:26:31','2003-07-11 10:26:53'),(54,'Devin','Klein','nokuneva@example.com','(294)884-6838x2033',1,'1991-12-06 18:38:41','2020-06-15 17:22:54'),(55,'Pat','Becker','bo.lebsack@example.net','(906)601-1156',2,'2001-11-07 21:02:59','2020-06-15 17:18:02'),(56,'Agnes','Reichel','gussie39@example.org','767.935.2094',1,'1991-01-09 05:23:21','2013-01-09 04:17:08'),(57,'Guillermo','Eichmann','kassulke.amya@example.com','+45(2)8899673136',1,'2010-04-28 04:32:04','2020-06-15 17:22:54'),(58,'Lucius','Schoen','jeromy.hartmann@example.net','623-092-5262x392',1,'1972-01-25 11:26:38','2006-11-18 18:08:12'),(59,'Naomie','D\'Amore','dibbert.mariane@example.com','927.196.9545x498',1,'2003-10-25 00:22:00','2020-06-15 17:22:54'),(60,'Lupe','Gleason','berenice.smitham@example.org','(676)642-0918',1,'2020-01-08 23:31:58','2020-06-15 17:22:54'),(61,'Destini','Goyette','carmel.wolf@example.net','(367)955-5366x14728',1,'2003-12-13 08:24:04','2020-06-15 17:22:54'),(62,'Rodger','Cartwright','mmitchell@example.net','08206730212',1,'1990-11-23 18:27:48','2020-06-15 17:22:54'),(63,'Katherine','Terry','serenity40@example.org','879-302-6609',1,'1996-05-18 12:18:05','2020-06-15 17:22:54'),(64,'Joanny','Kihn','ima36@example.org','(525)130-6201',1,'1989-11-29 04:17:17','2020-06-15 17:22:54'),(65,'Hettie','Zemlak','darby50@example.com','+89(9)7012017420',3,'1988-04-19 23:19:27','2020-06-15 17:19:17'),(66,'Nash','Daniel','rutherford.amanda@example.com','400-011-2088',1,'2015-03-04 17:53:21','2020-06-15 17:22:54'),(67,'Marta','Breitenberg','doyle.osinski@example.org','642.582.6730x3983',1,'2011-03-28 10:42:20','2020-06-15 17:22:54'),(68,'Colton','Kunde','helen34@example.com','1-354-520-8034',1,'2009-09-30 02:33:28','2020-06-15 17:22:54'),(69,'Judah','Terry','smith.simone@example.com','440-629-6003x726',1,'1981-05-06 15:52:59','2020-06-15 17:22:54'),(70,'Devan','Gislason','chelsie.bogan@example.com','+59(9)5951872170',1,'1987-06-07 13:22:47','2019-11-20 13:16:25'),(71,'Orland','Bartoletti','paul.kohler@example.org','191.672.9640x736',1,'1994-03-02 10:46:52','2020-06-15 17:22:54'),(72,'Berniece','Kohler','dgorczany@example.net','1-466-413-0304',1,'1995-08-20 16:04:02','2020-06-15 17:22:54'),(73,'Chelsea','Kuphal','micah.lockman@example.org','+56(9)9230946396',1,'1971-09-28 15:54:09','1973-10-04 08:59:19'),(74,'Wyman','Johns','condricka@example.com','549.336.0591x71016',1,'2001-10-20 00:57:38','2020-06-15 17:22:54'),(75,'Kelli','Paucek','bstoltenberg@example.net','660-339-8848',1,'1982-08-27 12:55:32','2020-06-15 17:22:54'),(76,'Jarred','Senger','gerlach.crystal@example.com','771-891-9329x881',1,'2009-10-24 17:11:41','2020-06-15 17:22:54'),(77,'Lucie','Maggio','prohaska.candace@example.net','1-703-566-4414',1,'1972-07-27 15:24:40','2020-06-15 17:22:54'),(78,'Abigail','Pacocha','ofranecki@example.net','1-563-416-6467x685',1,'1991-05-07 17:37:01','2020-06-15 17:22:54'),(79,'Julian','Koss','yoshiko.rowe@example.com','749-700-5341x012',1,'2010-02-23 06:03:28','2020-06-15 17:22:54'),(80,'Lelia','Simonis','schuster.irma@example.net','1-779-857-6217x2073',1,'1970-10-26 06:47:55','2010-10-15 11:32:21'),(81,'Jaida','Daniel','breanne.zieme@example.com','(547)391-3148x23954',1,'2001-05-25 18:38:55','2020-06-15 17:22:54'),(82,'Astrid','Doyle','labadie.harley@example.org','1-195-197-3968',1,'2018-07-17 01:44:12','2020-06-15 17:22:54'),(83,'Harmony','White','uhyatt@example.org','969.878.1139x76167',1,'1991-08-12 07:51:34','2008-08-05 12:12:13'),(84,'Brock','Bernier','blanda.cordie@example.org','514.331.3165x3960',3,'2005-09-05 10:46:22','2020-06-15 17:19:41'),(85,'Janiya','Bauch','joy.schaefer@example.org','144.519.0762',1,'2014-08-01 05:35:34','2020-06-15 17:22:54'),(86,'Lourdes','Schinner','zion02@example.com','037-102-9797x808',1,'1980-12-03 13:01:13','1990-08-16 01:10:31'),(87,'Henry','Ankunding','sheila88@example.org','(810)349-7583x7835',1,'2001-08-17 22:02:44','2007-05-25 05:46:53'),(88,'Elody','Schamberger','ujerde@example.net','(581)607-4694x5902',1,'1985-05-22 03:58:28','2001-09-16 02:30:01'),(89,'Esta','O\'Conner','hazel75@example.net','749-526-2369',1,'1978-09-16 08:58:17','1996-02-21 11:49:13'),(90,'Diego','Barrows','norberto36@example.com','09087232300',1,'1991-05-27 02:19:46','1996-07-29 20:23:57'),(91,'Carey','Nikolaus','rschaefer@example.net','463.395.0999',1,'2006-12-09 20:00:38','2020-06-15 17:22:54'),(92,'Marlin','Pfannerstill','tledner@example.net','1-806-881-6850',1,'1982-07-14 16:45:45','2008-06-25 06:31:24'),(93,'Jaeden','Weissnat','miller.mylene@example.com','(336)267-6220',1,'1977-03-27 19:12:07','1977-09-23 12:01:22'),(94,'Alene','Sanford','mayert.ada@example.org','04885783433',2,'1981-02-02 10:18:58','2020-06-15 17:18:02'),(95,'Gretchen','Halvorson','billy88@example.com','(823)503-8085x99134',1,'1983-11-16 15:35:39','2012-03-17 19:29:28'),(96,'Lila','Greenfelder','bergnaum.bell@example.org','1-094-626-7118x7620',1,'1973-09-22 17:54:03','1992-03-15 10:43:36'),(97,'Mohammad','Botsford','laurel88@example.org','1-145-165-2065x897',1,'2011-08-16 23:49:13','2020-06-15 17:22:54'),(98,'Mekhi','Leffler','sincere18@example.com','1-803-353-1453x3929',1,'2016-09-30 20:32:19','2020-06-15 17:22:54'),(99,'Bobby','Lang','luettgen.ike@example.com','1-750-040-7824',3,'2006-01-06 11:51:27','2020-06-15 17:19:17'),(100,'Reta','Schmidt','alfonso.emard@example.org','(640)813-6004x87300',1,'2012-01-19 02:38:00','2020-06-15 17:22:54');
/*!40000 ALTER TABLE `users` ENABLE KEYS */;
UNLOCK TABLES;
/*!40103 SET TIME_ZONE=@OLD_TIME_ZONE */;

/*!40101 SET SQL_MODE=@OLD_SQL_MODE */;
/*!40014 SET FOREIGN_KEY_CHECKS=@OLD_FOREIGN_KEY_CHECKS */;
/*!40014 SET UNIQUE_CHECKS=@OLD_UNIQUE_CHECKS */;
/*!40101 SET CHARACTER_SET_CLIENT=@OLD_CHARACTER_SET_CLIENT */;
/*!40101 SET CHARACTER_SET_RESULTS=@OLD_CHARACTER_SET_RESULTS */;
/*!40101 SET COLLATION_CONNECTION=@OLD_COLLATION_CONNECTION */;
/*!40111 SET SQL_NOTES=@OLD_SQL_NOTES */;

-- Dump completed on 2020-06-15 22:04:07
